<rdf:RDF xmlns:rdf="http://www.w3.org/1999/02/22-rdf-syntax-ns#" xmlns:cim="http://iec.ch/TC57/2013/CIM-schema-cim16#" xmlns:entsoe="http://entsoe.eu/CIM/SchemaExtension/3/1#" xmlns:md="http://iec.ch/TC57/61970-552/ModelDescription/1#" xmlns:dm="http://iec.ch/TC57/61970-552/DifferenceModel/1#">
<dm:DifferenceModel rdf:about="urn:uuid:9ba2c5fc-a6be-4e48-ac9f-e433f7a84da8">
<md:Model.created>2014-10-24T13:17:37</md:Model.created>
<md:Model.scenarioTime/>
<md:Model.version>2</md:Model.version>
<md:Model.Supersedes rdf:resource="urn:uuid:f2f43818-09c8-4252-9611-7af80c398d20"/>
<md:Model.description>CGMES Conformity Assessment: 'MicroGridTestConfiguration....T1' Test Configuration. The model is owned by ENTSO-E and is provided by ENTSO-E “as it is”. To the fullest extent permitted by law, ENTSO-E shall not be liable for any damages of any kind arising out of the use of the model (including any of its subsequent modifications). ENTSO-E neither warrants, nor represents that the use of the model will not infringe the rights of third parties. Any use of the model shall  include a reference to ENTSO-E. ENTSO-E web site is the only official source of information related to the model.</md:Model.description>
<md:Model.modelingAuthoritySet>http://elia.be/CGMES/2.4.15</md:Model.modelingAuthoritySet>
<md:Model.profile>http://iec.ch/TC57/61970-552/DifferenceModel/1http://entsoe.eu/CIM/Topology/4/1</md:Model.profile>
<dm:preconditions parseType="Statements"> </dm:preconditions>
<dm:reverseDifferences parseType="Statements"/>
<dm:forwardDifferences parseType="Statements">
<cim:ConnectivityNode rdf:about="#_93cec50e-e92e-4773-b408-e2419dad090d">
<cim:ConnectivityNode.TopologicalNode rdf:resource="#_e44141af-f1dc-44d3-bfa4-b674e5c953d7"/>
</cim:ConnectivityNode>
<cim:ConnectivityNode rdf:about="#_21032053-e646-46a7-9a09-6a9a96dbf108">
<cim:ConnectivityNode.TopologicalNode rdf:resource="#_f70f6bad-eb8d-4b8f-8431-4ab93581514e"/>
</cim:ConnectivityNode>
<cim:ConnectivityNode rdf:about="#_84c93a56-e0ca-4deb-a2ce-5eeb10682cab">
<cim:ConnectivityNode.TopologicalNode rdf:resource="#_f96d552a-618d-4d0c-a39a-2dea3c411dee"/>
</cim:ConnectivityNode>
<cim:ConnectivityNode rdf:about="#_29a37807-af63-402d-ac87-2e248d844793">
<cim:ConnectivityNode.TopologicalNode rdf:resource="#_f70f6bad-eb8d-4b8f-8431-4ab93581514e"/>
</cim:ConnectivityNode>
<cim:ConnectivityNode rdf:about="#_bb6a1e59-1071-4985-b80f-d227cf133067">
<cim:ConnectivityNode.TopologicalNode rdf:resource="#_e44141af-f1dc-44d3-bfa4-b674e5c953d7"/>
</cim:ConnectivityNode>
<cim:ConnectivityNode rdf:about="#_56ca173b-fd2d-4ef3-bc32-4ae86a318c39">
<cim:ConnectivityNode.TopologicalNode rdf:resource="#_5c74cb26-ce2f-40c6-951d-89091eb781b6"/>
</cim:ConnectivityNode>
<cim:ConnectivityNode rdf:about="#_a09067cc-e7b3-4743-8134-f5e42b32e88a">
<cim:ConnectivityNode.TopologicalNode rdf:resource="#_99b219f3-4593-428b-a4da-124a54630178"/>
</cim:ConnectivityNode>
<cim:ConnectivityNode rdf:about="#_36f63f4c-df3b-4507-baf5-bb4934c09183">
<cim:ConnectivityNode.TopologicalNode rdf:resource="#_f70f6bad-eb8d-4b8f-8431-4ab93581514e"/>
</cim:ConnectivityNode>
<cim:ConnectivityNode rdf:about="#_d0aad282-7c05-4990-b0cf-d9168815048e">
<cim:ConnectivityNode.TopologicalNode rdf:resource="#_f70f6bad-eb8d-4b8f-8431-4ab93581514e"/>
</cim:ConnectivityNode>
<cim:ConnectivityNode rdf:about="#_d5b267d8-29d8-434b-b3aa-08f8f3435fc0">
<cim:ConnectivityNode.TopologicalNode rdf:resource="#_5c74cb26-ce2f-40c6-951d-89091eb781b6"/>
</cim:ConnectivityNode>
<cim:ConnectivityNode rdf:about="#_4836f99b-c6e9-4ee8-a956-b1e3da882d46">
<cim:ConnectivityNode.TopologicalNode rdf:resource="#_e44141af-f1dc-44d3-bfa4-b674e5c953d7"/>
</cim:ConnectivityNode>
<cim:ConnectivityNode rdf:about="#_ae99bd74-26b1-443a-b1a5-656320283a36">
<cim:ConnectivityNode.TopologicalNode rdf:resource="#_f70f6bad-eb8d-4b8f-8431-4ab93581514e"/>
</cim:ConnectivityNode>
<cim:ConnectivityNode rdf:about="#_bf851342-832e-4ea2-b2ad-b09729b3af23">
<cim:ConnectivityNode.TopologicalNode rdf:resource="#_99b219f3-4593-428b-a4da-124a54630178"/>
</cim:ConnectivityNode>
<cim:ConnectivityNode rdf:about="#_0f074167-d8ad-40ed-b0fa-7dc7e9f5f77c">
<cim:ConnectivityNode.TopologicalNode rdf:resource="#_a81d08ed-f51d-4538-8d1e-fb2d0dbd128e"/>
</cim:ConnectivityNode>
<cim:ConnectivityNode rdf:about="#_f51dce2d-2dc6-4cfe-9486-f9d9a5b0fe33">
<cim:ConnectivityNode.TopologicalNode rdf:resource="#_f96d552a-618d-4d0c-a39a-2dea3c411dee"/>
</cim:ConnectivityNode>
<cim:ConnectivityNode rdf:about="#_1695eb20-9044-4133-a3fd-2147f55f170d">
<cim:ConnectivityNode.TopologicalNode rdf:resource="#_5c74cb26-ce2f-40c6-951d-89091eb781b6"/>
</cim:ConnectivityNode>
<cim:ConnectivityNode rdf:about="#_f33cc626-2c46-46b6-8536-88f30ab532cb">
<cim:ConnectivityNode.TopologicalNode rdf:resource="#_e44141af-f1dc-44d3-bfa4-b674e5c953d7"/>
</cim:ConnectivityNode>
<cim:ConnectivityNode rdf:about="#_3a849ea6-8dd5-4406-ac11-c89db47ef753">
<cim:ConnectivityNode.TopologicalNode rdf:resource="#_e44141af-f1dc-44d3-bfa4-b674e5c953d7"/>
</cim:ConnectivityNode>
<cim:ConnectivityNode rdf:about="#_3293fcc7-4962-47df-a7c1-ce150600c388">
<cim:ConnectivityNode.TopologicalNode rdf:resource="#_5c74cb26-ce2f-40c6-951d-89091eb781b6"/>
</cim:ConnectivityNode>
<cim:ConnectivityNode rdf:about="#_2dde989e-28c3-45f0-aa21-8695843ce894">
<cim:ConnectivityNode.TopologicalNode rdf:resource="#_99b219f3-4593-428b-a4da-124a54630178"/>
</cim:ConnectivityNode>
<cim:ConnectivityNode rdf:about="#_18dca121-6c3b-440f-8bf4-8e365b8af551">
<cim:ConnectivityNode.TopologicalNode rdf:resource="#_99b219f3-4593-428b-a4da-124a54630178"/>
</cim:ConnectivityNode>
</dm:forwardDifferences>
</dm:DifferenceModel>
</rdf:RDF>
