<rdf:RDF xmlns:rdf="http://www.w3.org/1999/02/22-rdf-syntax-ns#" xmlns:cim="http://iec.ch/TC57/2013/CIM-schema-cim16#" xmlns:entsoe="http://entsoe.eu/CIM/SchemaExtension/3/1#" xmlns:md="http://iec.ch/TC57/61970-552/ModelDescription/1#" xmlns:dm="http://iec.ch/TC57/61970-552/DifferenceModel/1#">
<dm:DifferenceModel rdf:about="urn:uuid:1fbbb385-f7cb-4229-bbd1-c8cb6156a626">
<md:Model.created>2014-10-24T14:20:42</md:Model.created>
<md:Model.scenarioTime/>
<md:Model.version>2</md:Model.version>
<md:Model.DependentOn rdf:resource="urn:uuid:1fbbb385-f7cb-4229-bbd1-c8cb6156a616"/>
<md:Model.Supersedes rdf:resource="urn:uuid:d400c631-75a0-4c30-8aed-832b0d282e73"/>
<md:Model.description>CGMES Conformity Assessment: 'MicroGridTestConfiguration....T1' Test Configuration. The model is owned by ENTSO-E and is provided by ENTSO-E “as it is”. To the fullest extent permitted by law, ENTSO-E shall not be liable for any damages of any kind arising out of the use of the model (including any of its subsequent modifications). ENTSO-E neither warrants, nor represents that the use of the model will not infringe the rights of third parties. Any use of the model shall  include a reference to ENTSO-E. ENTSO-E web site is the only official source of information related to the model.</md:Model.description>
<md:Model.modelingAuthoritySet>http://elia.be/CGMES/2.4.15</md:Model.modelingAuthoritySet>
<md:Model.profile>http://iec.ch/TC57/61970-552/DifferenceModel/1http://entsoe.eu/CIM/EquipmentCore/3/1</md:Model.profile>
<md:Model.profile>http://entsoe.eu/CIM/EquipmentShortCircuit/3/1</md:Model.profile>
<md:Model.profile>http://entsoe.eu/CIM/EquipmentOperation/3/1</md:Model.profile>
<dm:preconditions parseType="Statements"> </dm:preconditions>
<dm:reverseDifferences parseType="Statements">
<rdf:Description rdf:about="#_51AB-2E-F1-031323239373533303630">
<cim:CurveData.y2value>200.000000</cim:CurveData.y2value>
</rdf:Description>
<rdf:Description rdf:about="#_51AB-2E-F1-231323239373533303630">
<cim:CurveData.y2value>200.000000</cim:CurveData.y2value>
</rdf:Description>
</dm:reverseDifferences>
<dm:forwardDifferences parseType="Statements">
<rdf:Description rdf:about="#_51AB-2E-F1-031323239373533303630">
<cim:CurveData.y2value>250.000000</cim:CurveData.y2value>
</rdf:Description>
<rdf:Description rdf:about="#_51AB-2E-F1-231323239373533303630">
<cim:CurveData.y2value>250.000000</cim:CurveData.y2value>
</rdf:Description>
</dm:forwardDifferences>
</dm:DifferenceModel>
</rdf:RDF>
