<rdf:RDF xmlns:rdf="http://www.w3.org/1999/02/22-rdf-syntax-ns#" xmlns:cim="http://iec.ch/TC57/2013/CIM-schema-cim16#" xmlns:entsoe="http://entsoe.eu/CIM/SchemaExtension/3/1#" xmlns:md="http://iec.ch/TC57/61970-552/ModelDescription/1#" xmlns:dm="http://iec.ch/TC57/61970-552/DifferenceModel/1#">
<dm:DifferenceModel rdf:about="urn:uuid:404dbe1b-4327-4083-9439-3e5e2f08ed44">
<md:Model.created>2014-10-24T16:27:07</md:Model.created>
<md:Model.scenarioTime/>
<md:Model.version>2</md:Model.version>
<md:Model.Supersedes rdf:resource="urn:uuid:f2f43818-09c8-4252-9611-7af80c398d20"/>
<md:Model.description>CGMES Conformity Assessment: 'MicroGridTestConfiguration....T3' Test Configuration. The model is owned by ENTSO-E and is provided by ENTSO-E “as it is”. To the fullest extent permitted by law, ENTSO-E shall not be liable for any damages of any kind arising out of the use of the model (including any of its subsequent modifications). ENTSO-E neither warrants, nor represents that the use of the model will not infringe the rights of third parties. Any use of the model shall  include a reference to ENTSO-E. ENTSO-E web site is the only official source of information related to the model.</md:Model.description>
<md:Model.modelingAuthoritySet>http://elia.be/CGMES/2.4.15</md:Model.modelingAuthoritySet>
<md:Model.profile>http://iec.ch/TC57/61970-552/DifferenceModel/1http://entsoe.eu/CIM/Topology/4/1</md:Model.profile>
<dm:preconditions parseType="Statements"> </dm:preconditions>
<dm:reverseDifferences parseType="Statements"/>
<dm:forwardDifferences parseType="Statements">
<cim:ConnectivityNode rdf:about="#_102ec4fe-8802-420d-81ba-3408d56f6d17">
<cim:ConnectivityNode.TopologicalNode rdf:resource="#_d3d9c515-2ddb-436a-bf17-2f8be2394de3"/>
</cim:ConnectivityNode>
<cim:TopologicalNode rdf:ID="_d3d9c515-2ddb-436a-bf17-2f8be2394de3">
<cim:IdentifiedObject.name>BE_HVDC_BUS2</cim:IdentifiedObject.name>
<cim:TopologicalNode.BaseVoltage rdf:resource="#_2798b33d-c534-45f2-9252-a1ea9b3247c6"/>
<cim:TopologicalNode.ConnectivityNodeContainer rdf:resource="#_358a38c7-0085-410a-a5a1-f8951e4fcc50"/>
</cim:TopologicalNode>
<cim:ConnectivityNode rdf:about="#_d09e0c92-08a5-4d5c-8193-06fa232b3783">
<cim:ConnectivityNode.TopologicalNode rdf:resource="#_27d57afa-6c9d-4b06-93ea-8c88d14af8b1"/>
</cim:ConnectivityNode>
<cim:TopologicalNode rdf:ID="_27d57afa-6c9d-4b06-93ea-8c88d14af8b1">
<cim:IdentifiedObject.name>N1230816360</cim:IdentifiedObject.name>
<cim:TopologicalNode.BaseVoltage rdf:resource="#_2798b33d-c534-45f2-9252-a1ea9b3247c6"/>
<cim:TopologicalNode.ConnectivityNodeContainer rdf:resource="#_42a4252d-6d4c-4980-99c3-d0fac18e48df"/>
</cim:TopologicalNode>
<cim:ConnectivityNode rdf:about="#_57223e58-2106-48ff-92e1-05df1ac984b3">
<cim:ConnectivityNode.TopologicalNode rdf:resource="#_3aad8a0b-d1d4-4ee2-9690-4c7106be4530"/>
</cim:ConnectivityNode>
<cim:TopologicalNode rdf:ID="_3aad8a0b-d1d4-4ee2-9690-4c7106be4530">
<cim:IdentifiedObject.name>BE_PCC2</cim:IdentifiedObject.name>
<entsoe:IdentifiedObject.energyIdentCodeEic>10T-AT-DE-00017X</entsoe:IdentifiedObject.energyIdentCodeEic>
<cim:IdentifiedObject.description>10T-AT-DE-00017X</cim:IdentifiedObject.description>
<cim:TopologicalNode.BaseVoltage rdf:resource="#_63893f24-5b4e-407c-9a1e-4ff71121f33c"/>
<cim:TopologicalNode.ConnectivityNodeContainer rdf:resource="#_0ef7e527-e1c6-4ba0-93b4-471ebe699df1"/>
</cim:TopologicalNode>
<cim:ConnectivityNode rdf:about="#_715f08ea-1018-40c9-9fed-aa0dd4c8f8c3">
<cim:ConnectivityNode.TopologicalNode rdf:resource="#_902e51fc-8487-4d9d-ba3a-7dcfcfeef4d1"/>
</cim:ConnectivityNode>
<cim:TopologicalNode rdf:ID="_902e51fc-8487-4d9d-ba3a-7dcfcfeef4d1">
<cim:IdentifiedObject.name>BE_PCC1</cim:IdentifiedObject.name>
<entsoe:IdentifiedObject.energyIdentCodeEic>10T-AT-DE-00017X</entsoe:IdentifiedObject.energyIdentCodeEic>
<cim:IdentifiedObject.description>10T-AT-DE-00017X</cim:IdentifiedObject.description>
<cim:TopologicalNode.BaseVoltage rdf:resource="#_63893f24-5b4e-407c-9a1e-4ff71121f33c"/>
<cim:TopologicalNode.ConnectivityNodeContainer rdf:resource="#_d492d747-4de3-4d25-b2d5-a3300634c459"/>
</cim:TopologicalNode>
<cim:DCTopologicalNode rdf:ID="_357fb476-d752-4e74-b673-dc8ad95e4225">
<cim:IdentifiedObject.name>BE_DC1</cim:IdentifiedObject.name>
<cim:DCTopologicalNode.DCEquipmentContainer rdf:resource="#_003260bb-d613-472d-94ee-a24184b22b7d"/>
</cim:DCTopologicalNode>
<cim:DCNode rdf:about="#_b8ad0425-63a1-483a-9cf4-dd157cd3f478">
<cim:DCNode.DCTopologicalNode rdf:resource="#_357fb476-d752-4e74-b673-dc8ad95e4225"/>
</cim:DCNode>
<cim:DCTopologicalNode rdf:ID="_7e602b57-bc66-42b5-b230-4fbd10d6e920">
<cim:IdentifiedObject.name>DC_Ground2</cim:IdentifiedObject.name>
<cim:DCTopologicalNode.DCEquipmentContainer rdf:resource="#_a4e37c92-3db2-4970-b197-1b49120a0b10"/>
</cim:DCTopologicalNode>
<cim:DCNode rdf:about="#_6759ade5-95b9-408f-93e5-9af2d2b7c161">
<cim:DCNode.DCTopologicalNode rdf:resource="#_7e602b57-bc66-42b5-b230-4fbd10d6e920"/>
</cim:DCNode>
<cim:DCTopologicalNode rdf:ID="_146ccb96-a5b6-4973-b41f-0b0cdabd67a5">
<cim:IdentifiedObject.name>BE_DC2</cim:IdentifiedObject.name>
<cim:DCTopologicalNode.DCEquipmentContainer rdf:resource="#_a4e37c92-3db2-4970-b197-1b49120a0b10"/>
</cim:DCTopologicalNode>
<cim:DCNode rdf:about="#_d18c1d6c-28b7-483e-a6a0-939cde492422">
<cim:DCNode.DCTopologicalNode rdf:resource="#_146ccb96-a5b6-4973-b41f-0b0cdabd67a5"/>
</cim:DCNode>
<cim:DCTopologicalNode rdf:ID="_0bc1fb88-9b0b-434e-a7a7-aef9a177387d">
<cim:IdentifiedObject.name>DC_Ground1</cim:IdentifiedObject.name>
<cim:DCTopologicalNode.DCEquipmentContainer rdf:resource="#_003260bb-d613-472d-94ee-a24184b22b7d"/>
</cim:DCTopologicalNode>
<cim:DCNode rdf:about="#_ab2dc8e8-baf4-46b4-83ef-0aabae508ad7">
<cim:DCNode.DCTopologicalNode rdf:resource="#_0bc1fb88-9b0b-434e-a7a7-aef9a177387d"/>
</cim:DCNode>
<cim:Terminal rdf:about="#_dabf7c76-4c5f-441f-8e64-c735397a03f2">
<cim:Terminal.TopologicalNode rdf:resource="#_f70f6bad-eb8d-4b8f-8431-4ab93581514e"/>
</cim:Terminal>
<cim:Terminal rdf:about="#_3ab53969-dc4a-4b49-b004-6cdaefbc640d">
<cim:Terminal.TopologicalNode rdf:resource="#_3aad8a0b-d1d4-4ee2-9690-4c7106be4530"/>
</cim:Terminal>
<cim:Terminal rdf:about="#_fd4184ef-3a66-4bc5-9618-85d2d6974443">
<cim:Terminal.TopologicalNode rdf:resource="#_99b219f3-4593-428b-a4da-124a54630178"/>
</cim:Terminal>
<cim:Terminal rdf:about="#_31398143-c3bd-4440-869e-ad73bfab0bb3">
<cim:Terminal.TopologicalNode rdf:resource="#_902e51fc-8487-4d9d-ba3a-7dcfcfeef4d1"/>
</cim:Terminal>
<cim:Terminal rdf:about="#_bd69ce1d-c5c6-4d49-9d4d-0d3ae3691adf">
<cim:Terminal.TopologicalNode rdf:resource="#_902e51fc-8487-4d9d-ba3a-7dcfcfeef4d1"/>
</cim:Terminal>
<cim:Terminal rdf:about="#_204bb7dc-4b03-473c-8761-664d8a08d5e6">
<cim:Terminal.TopologicalNode rdf:resource="#_27d57afa-6c9d-4b06-93ea-8c88d14af8b1"/>
</cim:Terminal>
<cim:Terminal rdf:about="#_c6f914d2-15df-4aee-acca-91ea446da16b">
<cim:Terminal.TopologicalNode rdf:resource="#_3aad8a0b-d1d4-4ee2-9690-4c7106be4530"/>
</cim:Terminal>
<cim:Terminal rdf:about="#_ca50ea24-48c1-431e-9337-378935f597ff">
<cim:Terminal.TopologicalNode rdf:resource="#_d3d9c515-2ddb-436a-bf17-2f8be2394de3"/>
</cim:Terminal>
<cim:Terminal rdf:about="#_dd972655-21d1-46fd-bc5f-ff242f60867c">
<cim:Terminal.TopologicalNode rdf:resource="#_3aad8a0b-d1d4-4ee2-9690-4c7106be4530"/>
</cim:Terminal>
<cim:Terminal rdf:about="#_fe727d32-5757-492a-8eec-36eb0f23e698">
<cim:Terminal.TopologicalNode rdf:resource="#_902e51fc-8487-4d9d-ba3a-7dcfcfeef4d1"/>
</cim:Terminal>
<cim:DCTerminal rdf:about="#_b0760d1c-db89-453b-820d-06e6050baaaf">
<cim:DCBaseTerminal.DCTopologicalNode rdf:resource="#_357fb476-d752-4e74-b673-dc8ad95e4225"/>
</cim:DCTerminal>
<cim:DCTerminal rdf:about="#_1074926d-c047-4be2-89c9-b0a5688ac379">
<cim:DCBaseTerminal.DCTopologicalNode rdf:resource="#_146ccb96-a5b6-4973-b41f-0b0cdabd67a5"/>
</cim:DCTerminal>
<cim:DCTerminal rdf:about="#_23220255-c598-4be6-b653-64e87fc81a17">
<cim:DCBaseTerminal.DCTopologicalNode rdf:resource="#_7e602b57-bc66-42b5-b230-4fbd10d6e920"/>
</cim:DCTerminal>
<cim:DCTerminal rdf:about="#_51ef0050-1ba0-4340-8704-f3f554c250fc">
<cim:DCBaseTerminal.DCTopologicalNode rdf:resource="#_0bc1fb88-9b0b-434e-a7a7-aef9a177387d"/>
</cim:DCTerminal>
<cim:Terminal rdf:about="#_4123e718-716a-4988-bf71-0e525a4422f2">
<cim:Terminal.TopologicalNode rdf:resource="#_27d57afa-6c9d-4b06-93ea-8c88d14af8b1"/>
</cim:Terminal>
<cim:ACDCConverterDCTerminal rdf:about="#_6c9de637-7d8d-43ec-8c15-1ce8f8c67185">
<cim:DCBaseTerminal.DCTopologicalNode rdf:resource="#_357fb476-d752-4e74-b673-dc8ad95e4225"/>
</cim:ACDCConverterDCTerminal>
<cim:ACDCConverterDCTerminal rdf:about="#_c0132134-dae0-458c-b363-dd902d757140">
<cim:DCBaseTerminal.DCTopologicalNode rdf:resource="#_0bc1fb88-9b0b-434e-a7a7-aef9a177387d"/>
</cim:ACDCConverterDCTerminal>
<cim:Terminal rdf:about="#_c4c335b5-0405-4539-be10-697f5a3f3e83">
<cim:Terminal.TopologicalNode rdf:resource="#_d3d9c515-2ddb-436a-bf17-2f8be2394de3"/>
</cim:Terminal>
<cim:ACDCConverterDCTerminal rdf:about="#_c7a8052a-90d2-46fe-8ff6-09593f29b29e">
<cim:DCBaseTerminal.DCTopologicalNode rdf:resource="#_146ccb96-a5b6-4973-b41f-0b0cdabd67a5"/>
</cim:ACDCConverterDCTerminal>
<cim:ACDCConverterDCTerminal rdf:about="#_00cec451-4e32-45bc-86b3-5c1bb0288658">
<cim:DCBaseTerminal.DCTopologicalNode rdf:resource="#_7e602b57-bc66-42b5-b230-4fbd10d6e920"/>
</cim:ACDCConverterDCTerminal>
</dm:forwardDifferences>
</dm:DifferenceModel>
</rdf:RDF>
