<?xml version="1.0" encoding="utf-8"?>
<rdf:RDF xmlns:rdf="http://www.w3.org/1999/02/22-rdf-syntax-ns#" xmlns:cim="http://iec.ch/TC57/2013/CIM-schema-cim16#" xmlns:entsoe="http://entsoe.eu/CIM/SchemaExtension/3/1#" xmlns:md="http://iec.ch/TC57/61970-552/ModelDescription/1#">
  <md:FullModel rdf:about="urn:uuid:d6ed5b77-3bd8-4c9a-8b24-79ae8a3e933d">
    <md:Model.created>2014-10-24T16:39:28</md:Model.created>
    <md:Model.scenarioTime>2014-03-28T10:13:02</md:Model.scenarioTime>
    <md:Model.version>2</md:Model.version>
    <md:Model.DependentOn rdf:resource="urn:uuid:19d9a263-529d-4f6c-8221-3a8a45de347b"/>
    <md:Model.description>CGMES Conformity Assessment: 'MicroGridTestConfiguration....T4 (MAS NL) Test Configuration. The model is owned by ENTSO-E and is provided by ENTSO-E “as it is”. To the fullest extent permitted by law, ENTSO-E shall not be liable for any damages of any kind arising out of the use of the model (including any of its subsequent modifications). ENTSO-E neither warrants, nor represents that the use of the model will not infringe the rights of third parties. Any use of the model shall  include a reference to ENTSO-E. ENTSO-E web site is the only official source of information related to the model.</md:Model.description>
    <md:Model.modelingAuthoritySet>http://TENNET/CGMES/2.4.15</md:Model.modelingAuthoritySet>
    <md:Model.profile>http://entsoe.eu/CIM/SteadyStateHypothesis/1/1</md:Model.profile>
    <md:Model.Supersedes rdf:resource="urn:uuid:66085ffe-dddf-4fc8-805c-2c7aa2097b90"/>
  </md:FullModel>
  <cim:Terminal rdf:about="#_757d4f50-707b-47a0-891c-cbaefd649631">
    <cim:ACDCTerminal.connected>true</cim:ACDCTerminal.connected>
  </cim:Terminal>
  <cim:Terminal rdf:about="#_ae588863-b154-451d-978a-7ab08ac50fb6">
    <cim:ACDCTerminal.connected>true</cim:ACDCTerminal.connected>
  </cim:Terminal>
  <cim:Terminal rdf:about="#_653bc4b8-518b-4adc-9d68-012fb641fb1d">
    <cim:ACDCTerminal.connected>true</cim:ACDCTerminal.connected>
  </cim:Terminal>
  <cim:Terminal rdf:about="#_57979d14-d1d8-4311-ae53-aa8890423885">
    <cim:ACDCTerminal.connected>true</cim:ACDCTerminal.connected>
  </cim:Terminal>
  <cim:Terminal rdf:about="#_5dfee914-a4fd-4bde-a5b4-c4caa6378d10">
    <cim:ACDCTerminal.connected>true</cim:ACDCTerminal.connected>
  </cim:Terminal>
  <cim:Terminal rdf:about="#_6aecb9ba-5835-4b70-89bc-96d687e45779">
    <cim:ACDCTerminal.connected>true</cim:ACDCTerminal.connected>
  </cim:Terminal>
  <cim:Terminal rdf:about="#_c557146e-dfc4-4020-9738-d592b188338b">
    <cim:ACDCTerminal.connected>true</cim:ACDCTerminal.connected>
  </cim:Terminal>
  <cim:Terminal rdf:about="#_8f308117-8bbd-4798-b145-4e78f7d049e7">
    <cim:ACDCTerminal.connected>true</cim:ACDCTerminal.connected>
  </cim:Terminal>
  <cim:Terminal rdf:about="#_357e3e14-c38e-4a7e-9c95-b3dbe158f5f3">
    <cim:ACDCTerminal.connected>true</cim:ACDCTerminal.connected>
  </cim:Terminal>
  <cim:Terminal rdf:about="#_6b1cd30c-19ba-44e1-9447-d01db6b1ef9d">
    <cim:ACDCTerminal.connected>true</cim:ACDCTerminal.connected>
  </cim:Terminal>
  <cim:Terminal rdf:about="#_9fc1ca1a-bb62-4982-9358-fa9b4ac5564d">
    <cim:ACDCTerminal.connected>true</cim:ACDCTerminal.connected>
  </cim:Terminal>
  <cim:Terminal rdf:about="#_eedefa27-de13-4e6f-91a3-42aa86b539d6">
    <cim:ACDCTerminal.connected>true</cim:ACDCTerminal.connected>
  </cim:Terminal>
  <cim:Terminal rdf:about="#_e19e01f7-eb9b-4ce5-a6fe-4bb4ef0ce6c3">
    <cim:ACDCTerminal.connected>true</cim:ACDCTerminal.connected>
  </cim:Terminal>
  <cim:Terminal rdf:about="#_28797d21-df04-4be6-806b-3be26b040d6a">
    <cim:ACDCTerminal.connected>true</cim:ACDCTerminal.connected>
  </cim:Terminal>
  <cim:Terminal rdf:about="#_74039a16-da9d-46dd-a4f1-dd65fbb09ec4">
    <cim:ACDCTerminal.connected>true</cim:ACDCTerminal.connected>
  </cim:Terminal>
  <cim:Terminal rdf:about="#_e12338f8-6e9e-4d06-a29a-e12bdd7bd4d7">
    <cim:ACDCTerminal.connected>true</cim:ACDCTerminal.connected>
  </cim:Terminal>
  <cim:Terminal rdf:about="#_7fae7c9d-952f-4321-830d-aa667d21969d">
    <cim:ACDCTerminal.connected>true</cim:ACDCTerminal.connected>
  </cim:Terminal>
  <cim:Terminal rdf:about="#_3179d96c-7ecd-4f8a-b3f0-f24b62a16e87">
    <cim:ACDCTerminal.connected>true</cim:ACDCTerminal.connected>
  </cim:Terminal>
  <cim:Terminal rdf:about="#_41b735f7-da62-4bd3-ac98-fbdec24baeac">
    <cim:ACDCTerminal.connected>true</cim:ACDCTerminal.connected>
  </cim:Terminal>
  <cim:Terminal rdf:about="#_85ceec9c-21a9-4ef2-b7b0-c2bb9552e799">
    <cim:ACDCTerminal.connected>true</cim:ACDCTerminal.connected>
  </cim:Terminal>
  <cim:Terminal rdf:about="#_9f984b04-1736-43d2-9122-3a17fc8aea5f">
    <cim:ACDCTerminal.connected>false</cim:ACDCTerminal.connected>
  </cim:Terminal>
  <cim:Terminal rdf:about="#_f04ec73d-b94a-4b7e-a3d6-b1234fc37385">
    <cim:ACDCTerminal.connected>false</cim:ACDCTerminal.connected>
  </cim:Terminal>
  <cim:Terminal rdf:about="#_790df530-60c7-40bc-be5f-f90e9c65bab4">
    <cim:ACDCTerminal.connected>true</cim:ACDCTerminal.connected>
  </cim:Terminal>
  <cim:Terminal rdf:about="#_7a7fd92b-1aaf-49de-b609-1d640e63d49f">
    <cim:ACDCTerminal.connected>true</cim:ACDCTerminal.connected>
  </cim:Terminal>
  <cim:Terminal rdf:about="#_8121d4c3-9cb2-47db-b40a-99678602bb2a">
    <cim:ACDCTerminal.connected>true</cim:ACDCTerminal.connected>
  </cim:Terminal>
  <cim:Terminal rdf:about="#_5f40c3f7-9540-4e1b-aa97-6553d5524877">
    <cim:ACDCTerminal.connected>true</cim:ACDCTerminal.connected>
  </cim:Terminal>
  <cim:Terminal rdf:about="#_30aa2972-aafb-4c38-912d-a14867d47cec">
    <cim:ACDCTerminal.connected>true</cim:ACDCTerminal.connected>
  </cim:Terminal>
  <cim:Terminal rdf:about="#_f937c4ac-b9fc-44a2-82a0-99cb34c89974">
    <cim:ACDCTerminal.connected>true</cim:ACDCTerminal.connected>
  </cim:Terminal>
  <cim:Terminal rdf:about="#_c9dbf281-e788-4084-b268-3b5a9473ad72">
    <cim:ACDCTerminal.connected>true</cim:ACDCTerminal.connected>
  </cim:Terminal>
  <cim:Terminal rdf:about="#_abc40269-5f9a-4b13-a5a5-8e3b3929eff5">
    <cim:ACDCTerminal.connected>true</cim:ACDCTerminal.connected>
  </cim:Terminal>
  <cim:Terminal rdf:about="#_14f212ae-bcd8-46ae-9366-11dec9602a01">
    <cim:ACDCTerminal.connected>true</cim:ACDCTerminal.connected>
  </cim:Terminal>
  <cim:Terminal rdf:about="#_3c377e5e-65cc-45f1-ba12-e20034df7cb3">
    <cim:ACDCTerminal.connected>true</cim:ACDCTerminal.connected>
  </cim:Terminal>
  <cim:Terminal rdf:about="#_e3e0c496-5837-4f0f-a596-cc421940f73f">
    <cim:ACDCTerminal.connected>true</cim:ACDCTerminal.connected>
  </cim:Terminal>
  <cim:Terminal rdf:about="#_baa7aef1-afcd-4981-97c0-ccec7b5ad4e0">
    <cim:ACDCTerminal.connected>true</cim:ACDCTerminal.connected>
  </cim:Terminal>
  <cim:Terminal rdf:about="#_1128e664-0653-448a-9068-e37f1a097c05">
    <cim:ACDCTerminal.connected>true</cim:ACDCTerminal.connected>
  </cim:Terminal>
  <cim:Terminal rdf:about="#_da232169-1c36-495a-8af6-a0d7d2b39f52">
    <cim:ACDCTerminal.connected>true</cim:ACDCTerminal.connected>
  </cim:Terminal>
  <cim:Terminal rdf:about="#_bd61b1f9-474d-424e-9709-42f75337c477">
    <cim:ACDCTerminal.connected>true</cim:ACDCTerminal.connected>
  </cim:Terminal>
  <cim:Terminal rdf:about="#_4f1c405f-07c9-4fb0-b64e-551896a29aa8">
    <cim:ACDCTerminal.connected>true</cim:ACDCTerminal.connected>
  </cim:Terminal>
  <cim:Terminal rdf:about="#_ae4b7cbe-349a-41c8-ace2-25ec26f14a64">
    <cim:ACDCTerminal.connected>true</cim:ACDCTerminal.connected>
  </cim:Terminal>
  <cim:Terminal rdf:about="#_f04ecab5-1a12-4cc0-ba56-b157ebf11a42">
    <cim:ACDCTerminal.connected>true</cim:ACDCTerminal.connected>
  </cim:Terminal>
  <cim:Terminal rdf:about="#_faab7959-f9bf-421b-bc3f-d364e0c1388b">
    <cim:ACDCTerminal.connected>true</cim:ACDCTerminal.connected>
  </cim:Terminal>
  <cim:Terminal rdf:about="#_a015f692-3fc5-4ec3-8d1d-977c7b499e7c">
    <cim:ACDCTerminal.connected>true</cim:ACDCTerminal.connected>
  </cim:Terminal>
  <cim:Terminal rdf:about="#_26e50b4b-9a19-420d-98ce-bc4f11971cd7">
    <cim:ACDCTerminal.connected>true</cim:ACDCTerminal.connected>
  </cim:Terminal>
  <cim:Terminal rdf:about="#_24dd035c-0a8c-4351-aeb2-08d6622b42ae">
    <cim:ACDCTerminal.connected>true</cim:ACDCTerminal.connected>
  </cim:Terminal>
  <cim:Terminal rdf:about="#_f970233f-b573-49d9-9fc3-3a2a59ed3bbb">
    <cim:ACDCTerminal.connected>true</cim:ACDCTerminal.connected>
  </cim:Terminal>
  <cim:Terminal rdf:about="#_39d27c17-1e5b-4edc-a7ec-65a2d56542df">
    <cim:ACDCTerminal.connected>true</cim:ACDCTerminal.connected>
  </cim:Terminal>
  <cim:Terminal rdf:about="#_f48d48c7-e9f6-460c-898f-cc68a96efdeb">
    <cim:ACDCTerminal.connected>true</cim:ACDCTerminal.connected>
  </cim:Terminal>
  <cim:Terminal rdf:about="#_fab54e9c-b12e-4e47-a9f2-fec4ef96c0c0">
    <cim:ACDCTerminal.connected>true</cim:ACDCTerminal.connected>
  </cim:Terminal>
  <cim:Terminal rdf:about="#_6dad1a97-6874-4206-a5a5-837e495325f8">
    <cim:ACDCTerminal.connected>true</cim:ACDCTerminal.connected>
  </cim:Terminal>
  <cim:Terminal rdf:about="#_f461fd2d-1e41-4a3e-8213-7cc33c77a089">
    <cim:ACDCTerminal.connected>true</cim:ACDCTerminal.connected>
  </cim:Terminal>
  <cim:Terminal rdf:about="#_ecea10ff-e006-436b-a86a-beac4c2a30c1">
    <cim:ACDCTerminal.connected>true</cim:ACDCTerminal.connected>
  </cim:Terminal>
  <cim:Terminal rdf:about="#_42800bad-5e47-42e6-b9b0-1fb8fc5831aa">
    <cim:ACDCTerminal.connected>true</cim:ACDCTerminal.connected>
  </cim:Terminal>
  <cim:Terminal rdf:about="#_0f199d49-0093-4b51-b357-70371424d174">
    <cim:ACDCTerminal.connected>true</cim:ACDCTerminal.connected>
  </cim:Terminal>
  <cim:Terminal rdf:about="#_50f00b94-fe0f-48fd-887e-f0d4d59eee87">
    <cim:ACDCTerminal.connected>true</cim:ACDCTerminal.connected>
  </cim:Terminal>
  <cim:EnergyConsumer rdf:about="#_b1e03a8f-6a11-4454-af58-4a4a680e857f">
    <cim:EnergyConsumer.p>486.000000</cim:EnergyConsumer.p>
    <cim:EnergyConsumer.q>230.000000</cim:EnergyConsumer.q>
  </cim:EnergyConsumer>
  <cim:EnergyConsumer rdf:about="#_25ab1b5b-6803-47e2-805a-ab7b2072e034">
    <cim:EnergyConsumer.p>10.000000</cim:EnergyConsumer.p>
    <cim:EnergyConsumer.q>10.000000</cim:EnergyConsumer.q>
  </cim:EnergyConsumer>
  <cim:EnergyConsumer rdf:about="#_69add5b4-70bd-4360-8a93-286256c0d38b">
    <cim:EnergyConsumer.p>90.000000</cim:EnergyConsumer.p>
    <cim:EnergyConsumer.q>280.000000</cim:EnergyConsumer.q>
  </cim:EnergyConsumer>
  <cim:GeneratingUnit rdf:about="#_ca80ee09-3bed-4884-bc28-6dc89d067289">
    <cim:GeneratingUnit.normalPF>0e+000</cim:GeneratingUnit.normalPF>
  </cim:GeneratingUnit>
  <cim:SynchronousMachine rdf:about="#_2844585c-0d35-488d-a449-685bcd57afbf">
    <cim:RotatingMachine.p>-140.000000</cim:RotatingMachine.p>
    <cim:RotatingMachine.q>-77.743000</cim:RotatingMachine.q>
    <cim:SynchronousMachine.operatingMode rdf:resource="http://iec.ch/TC57/2013/CIM-schema-cim16#SynchronousMachineOperatingMode.generator"/>
    <cim:SynchronousMachine.referencePriority>0</cim:SynchronousMachine.referencePriority>
    <cim:RegulatingCondEq.controlEnabled>true</cim:RegulatingCondEq.controlEnabled>
  </cim:SynchronousMachine>
  <cim:GeneratingUnit rdf:about="#_b850063d-eae7-4675-bc98-4642d3076783">
    <cim:GeneratingUnit.normalPF>0e+000</cim:GeneratingUnit.normalPF>
  </cim:GeneratingUnit>
  <cim:SynchronousMachine rdf:about="#_1dc9afba-23b5-41a0-8540-b479ed8baf4b">
    <cim:RotatingMachine.p>-150.000000</cim:RotatingMachine.p>
    <cim:RotatingMachine.q>-83.296000</cim:RotatingMachine.q>
    <cim:SynchronousMachine.operatingMode rdf:resource="http://iec.ch/TC57/2013/CIM-schema-cim16#SynchronousMachineOperatingMode.generator"/>
    <cim:SynchronousMachine.referencePriority>0</cim:SynchronousMachine.referencePriority>
    <cim:RegulatingCondEq.controlEnabled>true</cim:RegulatingCondEq.controlEnabled>
  </cim:SynchronousMachine>
  <cim:GeneratingUnit rdf:about="#_049438a6-780a-44fe-a788-ebe385d98e25">
    <cim:GeneratingUnit.normalPF>1.000000</cim:GeneratingUnit.normalPF>
  </cim:GeneratingUnit>
  <cim:SynchronousMachine rdf:about="#_9c3b8f97-7972-477d-9dc8-87365cc0ad0e">
    <cim:RotatingMachine.p>-600.492701</cim:RotatingMachine.p>
    <cim:RotatingMachine.q>-386.922556</cim:RotatingMachine.q>
    <cim:SynchronousMachine.operatingMode rdf:resource="http://iec.ch/TC57/2013/CIM-schema-cim16#SynchronousMachineOperatingMode.generator"/>
    <cim:SynchronousMachine.referencePriority>1</cim:SynchronousMachine.referencePriority>
    <cim:RegulatingCondEq.controlEnabled>true</cim:RegulatingCondEq.controlEnabled>
  </cim:SynchronousMachine>
  <cim:PhaseTapChangerLinear rdf:about="#_341327c4-9224-40bf-bc33-7a3bb0bae680">
    <cim:TapChanger.step>8</cim:TapChanger.step>
    <cim:TapChanger.controlEnabled>false</cim:TapChanger.controlEnabled>
  </cim:PhaseTapChangerLinear>
  <cim:PhaseTapChangerTabular rdf:about="#_ee649b97-d2ec-47e1-976f-0f4d9f50fa11">
    <cim:TapChanger.step>17</cim:TapChanger.step>
    <cim:TapChanger.controlEnabled>false</cim:TapChanger.controlEnabled>
  </cim:PhaseTapChangerTabular>
  <cim:RatioTapChanger rdf:about="#_44b4277a-0f4b-43a8-ad93-6f7d6ef02061">
    <cim:TapChanger.step>5</cim:TapChanger.step>
    <cim:TapChanger.controlEnabled>false</cim:TapChanger.controlEnabled>
  </cim:RatioTapChanger>
  <cim:LinearShuntCompensator rdf:about="#_fbfed7e3-3dec-4829-a286-029e73535685">
    <cim:ShuntCompensator.sections>1</cim:ShuntCompensator.sections>
    <cim:RegulatingCondEq.controlEnabled>false</cim:RegulatingCondEq.controlEnabled>
  </cim:LinearShuntCompensator>
  <cim:Breaker rdf:about="#_3da8f227-5c16-47e1-a17f-4cd92269d301">
    <cim:Switch.open>false</cim:Switch.open>
  </cim:Breaker>
  <cim:Breaker rdf:about="#_1ea8f512-451c-40d3-a312-7c4e71d9dbcb">
    <cim:Switch.open>false</cim:Switch.open>
  </cim:Breaker>
  <cim:Breaker rdf:about="#_4853e915-48e5-4527-a4db-cce11ab18f73">
    <cim:Switch.open>false</cim:Switch.open>
  </cim:Breaker>
  <cim:Breaker rdf:about="#_0c2fa351-239d-463b-a826-0b8615bf6c3c">
    <cim:Switch.open>false</cim:Switch.open>
  </cim:Breaker>
  <cim:Breaker rdf:about="#_b5a26150-429d-4acb-b45b-055e42c79055">
    <cim:Switch.open>false</cim:Switch.open>
  </cim:Breaker>
  <cim:Breaker rdf:about="#_5a094c9f-0af5-48dc-94e9-89c6c220023c">
    <cim:Switch.open>true</cim:Switch.open>
  </cim:Breaker>
  <cim:Breaker rdf:about="#_b1fc12ae-ba9f-42ee-9558-3d432cc58fbf">
    <cim:Switch.open>false</cim:Switch.open>
  </cim:Breaker>
  <cim:Breaker rdf:about="#_5f5d40ae-d52d-4631-9285-b3ceefff784c">
    <cim:Switch.open>false</cim:Switch.open>
  </cim:Breaker>
  <cim:Breaker rdf:about="#_bac0aa59-1318-4032-b192-15a8d49283ee">
    <cim:Switch.open>false</cim:Switch.open>
  </cim:Breaker>
  <cim:Breaker rdf:about="#_88a19e5c-6885-4e6e-8d30-c5442444b309">
    <cim:Switch.open>false</cim:Switch.open>
  </cim:Breaker>
  <cim:Breaker rdf:about="#_21ec578c-689f-4130-80de-fd0fb5a30ed8">
    <cim:Switch.open>false</cim:Switch.open>
  </cim:Breaker>
  <cim:EquivalentInjection rdf:about="#_820d95d7-26d4-4311-8b1f-026f8605b86d">
    <cim:EquivalentInjection.p>86.814383</cim:EquivalentInjection.p>
    <cim:EquivalentInjection.q>-4.958972</cim:EquivalentInjection.q>
    <cim:EquivalentInjection.regulationStatus>false</cim:EquivalentInjection.regulationStatus>
    <cim:EquivalentInjection.regulationTarget>0.0</cim:EquivalentInjection.regulationTarget>
  </cim:EquivalentInjection>
  <cim:EquivalentInjection rdf:about="#_12baa3f3-23b1-44e0-956f-d331e1527f37">
    <cim:EquivalentInjection.p>89.462903</cim:EquivalentInjection.p>
    <cim:EquivalentInjection.q>-1.519011</cim:EquivalentInjection.q>
    <cim:EquivalentInjection.regulationStatus>false</cim:EquivalentInjection.regulationStatus>
    <cim:EquivalentInjection.regulationTarget>0.0</cim:EquivalentInjection.regulationTarget>
  </cim:EquivalentInjection>
  <cim:EquivalentInjection rdf:about="#_cab82e1c-1435-447b-bba0-74b592539eac">
    <cim:EquivalentInjection.p>11.518776</cim:EquivalentInjection.p>
    <cim:EquivalentInjection.q>-67.377544</cim:EquivalentInjection.q>
    <cim:EquivalentInjection.regulationStatus>false</cim:EquivalentInjection.regulationStatus>
    <cim:EquivalentInjection.regulationTarget>0.0</cim:EquivalentInjection.regulationTarget>
  </cim:EquivalentInjection>
  <cim:EquivalentInjection rdf:about="#_83bea592-913e-4473-8d17-969968ff83a2">
    <cim:EquivalentInjection.p>16.452662</cim:EquivalentInjection.p>
    <cim:EquivalentInjection.q>-64.018020</cim:EquivalentInjection.q>
    <cim:EquivalentInjection.regulationStatus>false</cim:EquivalentInjection.regulationStatus>
    <cim:EquivalentInjection.regulationTarget>0.0</cim:EquivalentInjection.regulationTarget>
  </cim:EquivalentInjection>
  <cim:EquivalentInjection rdf:about="#_b0442899-8dbe-48c1-a1fa-adb2a5929273">
    <cim:EquivalentInjection.p>31.579291</cim:EquivalentInjection.p>
    <cim:EquivalentInjection.q>-120.813763</cim:EquivalentInjection.q>
    <cim:EquivalentInjection.regulationStatus>false</cim:EquivalentInjection.regulationStatus>
    <cim:EquivalentInjection.regulationTarget>0.0</cim:EquivalentInjection.regulationTarget>
  </cim:EquivalentInjection>
  <cim:TapChangerControl rdf:about="#_f8acf291-9908-413e-bfd6-b2b98e2bf361">
    <cim:RegulatingControl.discrete>true</cim:RegulatingControl.discrete>
    <cim:RegulatingControl.targetDeadband>0.500000</cim:RegulatingControl.targetDeadband>
    <cim:RegulatingControl.targetValueUnitMultiplier rdf:resource="http://iec.ch/TC57/2013/CIM-schema-cim16#UnitMultiplier.M"/>
    <cim:RegulatingControl.enabled>false</cim:RegulatingControl.enabled>
    <cim:RegulatingControl.targetValue>0e+000</cim:RegulatingControl.targetValue>
  </cim:TapChangerControl>
  <cim:TapChangerControl rdf:about="#_120a7f07-0e5b-490f-9bcf-115600230816">
    <cim:RegulatingControl.discrete>true</cim:RegulatingControl.discrete>
    <cim:RegulatingControl.targetDeadband>0.500000</cim:RegulatingControl.targetDeadband>
    <cim:RegulatingControl.targetValueUnitMultiplier rdf:resource="http://iec.ch/TC57/2013/CIM-schema-cim16#UnitMultiplier.M"/>
    <cim:RegulatingControl.enabled>false</cim:RegulatingControl.enabled>
    <cim:RegulatingControl.targetValue>0e+000</cim:RegulatingControl.targetValue>
  </cim:TapChangerControl>
  <cim:TapChangerControl rdf:about="#_cba72b64-5e8e-4322-8e5c-446f728df478">
    <cim:RegulatingControl.discrete>true</cim:RegulatingControl.discrete>
    <cim:RegulatingControl.targetDeadband>0.500000</cim:RegulatingControl.targetDeadband>
    <cim:RegulatingControl.targetValueUnitMultiplier rdf:resource="http://iec.ch/TC57/2013/CIM-schema-cim16#UnitMultiplier.k"/>
    <cim:RegulatingControl.enabled>false</cim:RegulatingControl.enabled>
    <cim:RegulatingControl.targetValue>0e+000</cim:RegulatingControl.targetValue>
  </cim:TapChangerControl>
  <cim:RegulatingControl rdf:about="#_1b3c88f9-c2ca-4250-bd37-ae0efa2fb022">
    <cim:RegulatingControl.discrete>false</cim:RegulatingControl.discrete>
    <cim:RegulatingControl.targetDeadband>0.500000</cim:RegulatingControl.targetDeadband>
    <cim:RegulatingControl.targetValueUnitMultiplier rdf:resource="http://iec.ch/TC57/2013/CIM-schema-cim16#UnitMultiplier.k"/>
    <cim:RegulatingControl.enabled>true</cim:RegulatingControl.enabled>
    <cim:RegulatingControl.targetValue>16.017750</cim:RegulatingControl.targetValue>
  </cim:RegulatingControl>
  <cim:RegulatingControl rdf:about="#_53e7a6c7-759b-4da2-898a-1c061d788670">
    <cim:RegulatingControl.discrete>false</cim:RegulatingControl.discrete>
    <cim:RegulatingControl.targetDeadband>0.500000</cim:RegulatingControl.targetDeadband>
    <cim:RegulatingControl.targetValueUnitMultiplier rdf:resource="http://iec.ch/TC57/2013/CIM-schema-cim16#UnitMultiplier.k"/>
    <cim:RegulatingControl.enabled>true</cim:RegulatingControl.enabled>
    <cim:RegulatingControl.targetValue>16.017750</cim:RegulatingControl.targetValue>
  </cim:RegulatingControl>
  <cim:RegulatingControl rdf:about="#_04f338d3-3c0d-433f-a77b-e36dd256f0f0">
    <cim:RegulatingControl.discrete>false</cim:RegulatingControl.discrete>
    <cim:RegulatingControl.targetDeadband>0.500000</cim:RegulatingControl.targetDeadband>
    <cim:RegulatingControl.targetValueUnitMultiplier rdf:resource="http://iec.ch/TC57/2013/CIM-schema-cim16#UnitMultiplier.k"/>
    <cim:RegulatingControl.enabled>true</cim:RegulatingControl.enabled>
    <cim:RegulatingControl.targetValue>16.033500</cim:RegulatingControl.targetValue>
  </cim:RegulatingControl>
  <cim:RegulatingControl rdf:about="#_613dfeb3-0161-4cec-aaa9-ccddd885771b">
    <cim:RegulatingControl.discrete>true</cim:RegulatingControl.discrete>
    <cim:RegulatingControl.targetDeadband>0.500000</cim:RegulatingControl.targetDeadband>
    <cim:RegulatingControl.targetValueUnitMultiplier rdf:resource="http://iec.ch/TC57/2013/CIM-schema-cim16#UnitMultiplier.k"/>
    <cim:RegulatingControl.enabled>false</cim:RegulatingControl.enabled>
    <cim:RegulatingControl.targetValue>400.000000</cim:RegulatingControl.targetValue>
  </cim:RegulatingControl>
</rdf:RDF>
