<rdf:RDF xmlns:rdf="http://www.w3.org/1999/02/22-rdf-syntax-ns#" xmlns:cim="http://iec.ch/TC57/2013/CIM-schema-cim16#" xmlns:entsoe="http://entsoe.eu/CIM/SchemaExtension/3/1#" xmlns:md="http://iec.ch/TC57/61970-552/ModelDescription/1#" xmlns:dm="http://iec.ch/TC57/61970-552/DifferenceModel/1#">
<dm:DifferenceModel rdf:about="urn:uuid:79992a87-fbb3-4229-8114-15e64cb61571">
<md:Model.created>2014-10-24T13:26:27</md:Model.created>
<md:Model.scenarioTime/>
<md:Model.version>2</md:Model.version>
<md:Model.Supersedes rdf:resource="urn:uuid:5d32d257-1646-4906-a1f6-4d7ce3f91569"/>
<md:Model.description>CGMES Conformity Assessment: 'MicroGridTestConfiguration....T1' Test Configuration. The model is owned by ENTSO-E and is provided by ENTSO-E “as it is”. To the fullest extent permitted by law, ENTSO-E shall not be liable for any damages of any kind arising out of the use of the model (including any of its subsequent modifications). ENTSO-E neither warrants, nor represents that the use of the model will not infringe the rights of third parties. Any use of the model shall  include a reference to ENTSO-E. ENTSO-E web site is the only official source of information related to the model.</md:Model.description>
<md:Model.modelingAuthoritySet>http://tennet.nl/CGMES/2.4.15</md:Model.modelingAuthoritySet>
<md:Model.profile>http://iec.ch/TC57/61970-552/DifferenceModel/1http://entsoe.eu/CIM/Topology/4/1</md:Model.profile>
<dm:preconditions parseType="Statements"> </dm:preconditions>
<dm:reverseDifferences parseType="Statements"/>
<dm:forwardDifferences parseType="Statements">
<cim:ConnectivityNode rdf:about="#_c79edc43-4a5e-4ba8-bd08-16fcdd1beee7">
<cim:ConnectivityNode.TopologicalNode rdf:resource="#_97d7d14a-7294-458f-a8d7-024700a08717"/>
</cim:ConnectivityNode>
<cim:ConnectivityNode rdf:about="#_7e9dd682-86cd-4594-b58f-1a0534540aca">
<cim:ConnectivityNode.TopologicalNode rdf:resource="#_afddd60d-f7e6-419a-a5c2-be28d29beaf9"/>
</cim:ConnectivityNode>
<cim:ConnectivityNode rdf:about="#_1520ab3c-9392-41c2-8873-39ec83a76c26">
<cim:ConnectivityNode.TopologicalNode rdf:resource="#_795a117d-7caf-4fc2-a8d9-dc8f4cf2344a"/>
</cim:ConnectivityNode>
<cim:ConnectivityNode rdf:about="#_ecb6a97e-bd2d-40c0-91f6-99dc1e7f59e2">
<cim:ConnectivityNode.TopologicalNode rdf:resource="#_6bdc33de-d027-49b7-b98f-3b3d87716615"/>
</cim:ConnectivityNode>
<cim:ConnectivityNode rdf:about="#_bd68fe72-ecac-45cc-9d34-33d95ed9a47a">
<cim:ConnectivityNode.TopologicalNode rdf:resource="#_97d7d14a-7294-458f-a8d7-024700a08717"/>
</cim:ConnectivityNode>
<cim:ConnectivityNode rdf:about="#_e4743b84-976a-414d-a888-4362532c39e6">
<cim:ConnectivityNode.TopologicalNode rdf:resource="#_795a117d-7caf-4fc2-a8d9-dc8f4cf2344a"/>
</cim:ConnectivityNode>
<cim:ConnectivityNode rdf:about="#_124b9180-9112-4b8a-a651-9c1bb9a031da">
<cim:ConnectivityNode.TopologicalNode rdf:resource="#_6bdc33de-d027-49b7-b98f-3b3d87716615"/>
</cim:ConnectivityNode>
<cim:ConnectivityNode rdf:about="#_cae57656-3fc2-4f5e-9ab9-fa5b118a632a">
<cim:ConnectivityNode.TopologicalNode rdf:resource="#_afddd60d-f7e6-419a-a5c2-be28d29beaf9"/>
</cim:ConnectivityNode>
<cim:ConnectivityNode rdf:about="#_90f78705-5ef4-479a-8d5a-70efc554e0ba">
<cim:ConnectivityNode.TopologicalNode rdf:resource="#_81b0e447-181e-4aec-8921-f1dd7813bebc"/>
</cim:ConnectivityNode>
<cim:ConnectivityNode rdf:about="#_17eb9e2c-dd0d-4005-ac1c-c7174e3a88e1">
<cim:ConnectivityNode.TopologicalNode rdf:resource="#_81b0e447-181e-4aec-8921-f1dd7813bebc"/>
</cim:ConnectivityNode>
<cim:ConnectivityNode rdf:about="#_5cb2cb9a-695c-458b-b63a-a84c025981e4">
<cim:ConnectivityNode.TopologicalNode rdf:resource="#_81b0e447-181e-4aec-8921-f1dd7813bebc"/>
</cim:ConnectivityNode>
<cim:ConnectivityNode rdf:about="#_7221e0f9-008b-4273-8d40-b5d4c6efa0fe">
<cim:ConnectivityNode.TopologicalNode rdf:resource="#_81b0e447-181e-4aec-8921-f1dd7813bebc"/>
</cim:ConnectivityNode>
<cim:ConnectivityNode rdf:about="#_f28134fe-076d-4605-aa92-b9e0bbe96841">
<cim:ConnectivityNode.TopologicalNode rdf:resource="#_795a117d-7caf-4fc2-a8d9-dc8f4cf2344a"/>
</cim:ConnectivityNode>
<cim:ConnectivityNode rdf:about="#_546121e7-acf3-4bc2-ae49-446e550a1e5c">
<cim:ConnectivityNode.TopologicalNode rdf:resource="#_795a117d-7caf-4fc2-a8d9-dc8f4cf2344a"/>
</cim:ConnectivityNode>
</dm:forwardDifferences>
</dm:DifferenceModel>
</rdf:RDF>
