<rdf:RDF xmlns:rdf="http://www.w3.org/1999/02/22-rdf-syntax-ns#" xmlns:cim="http://iec.ch/TC57/2013/CIM-schema-cim16#" xmlns:entsoe="http://entsoe.eu/CIM/SchemaExtension/3/1#" xmlns:md="http://iec.ch/TC57/61970-552/ModelDescription/1#" xmlns:dm="http://iec.ch/TC57/61970-552/DifferenceModel/1#">
<dm:DifferenceModel rdf:about="urn:uuid:5f7603dc-eab2-4876-a5fc-366587139c5a">
<md:Model.created>2014-10-24T13:26:26</md:Model.created>
<md:Model.scenarioTime/>
<md:Model.version>2</md:Model.version>
<md:Model.Supersedes rdf:resource="urn:uuid:77b55f87-fc1e-4046-9599-6c6b4f991a86"/>
<md:Model.description>CGMES Conformity Assessment: 'MicroGridTestConfiguration....T1' Test Configuration. The model is owned by ENTSO-E and is provided by ENTSO-E “as it is”. To the fullest extent permitted by law, ENTSO-E shall not be liable for any damages of any kind arising out of the use of the model (including any of its subsequent modifications). ENTSO-E neither warrants, nor represents that the use of the model will not infringe the rights of third parties. Any use of the model shall  include a reference to ENTSO-E. ENTSO-E web site is the only official source of information related to the model.</md:Model.description>
<md:Model.modelingAuthoritySet>http://tennet.nl/CGMES/2.4.15</md:Model.modelingAuthoritySet>
<md:Model.profile>http://iec.ch/TC57/61970-552/DifferenceModel/1http://entsoe.eu/CIM/EquipmentCore/3/1</md:Model.profile>
<md:Model.profile>http://entsoe.eu/CIM/EquipmentShortCircuit/3/1</md:Model.profile>
<md:Model.profile>http://entsoe.eu/CIM/EquipmentOperation/3/1</md:Model.profile>
<dm:preconditions parseType="Statements"> </dm:preconditions>
<dm:reverseDifferences parseType="Statements">
<rdf:Description rdf:about="#_fab54e9c-b12e-4e47-a9f2-fec4ef96c0c0"/>
<rdf:Description rdf:about="#_6dad1a97-6874-4206-a5a5-837e495325f8"/>
<rdf:Description rdf:about="#_f461fd2d-1e41-4a3e-8213-7cc33c77a089"/>
<rdf:Description rdf:about="#_f970233f-b573-49d9-9fc3-3a2a59ed3bbb"/>
<rdf:Description rdf:about="#_24dd035c-0a8c-4351-aeb2-08d6622b42ae"/>
<rdf:Description rdf:about="#_26e50b4b-9a19-420d-98ce-bc4f11971cd7"/>
<rdf:Description rdf:about="#_f48d48c7-e9f6-460c-898f-cc68a96efdeb"/>
<rdf:Description rdf:about="#_39d27c17-1e5b-4edc-a7ec-65a2d56542df"/>
<rdf:Description rdf:about="#_ae4b7cbe-349a-41c8-ace2-25ec26f14a64"/>
<rdf:Description rdf:about="#_f04ecab5-1a12-4cc0-ba56-b157ebf11a42"/>
<rdf:Description rdf:about="#_faab7959-f9bf-421b-bc3f-d364e0c1388b"/>
<rdf:Description rdf:about="#_757d4f50-707b-47a0-891c-cbaefd649631"/>
<rdf:Description rdf:about="#_ae588863-b154-451d-978a-7ab08ac50fb6"/>
<rdf:Description rdf:about="#_653bc4b8-518b-4adc-9d68-012fb641fb1d"/>
<rdf:Description rdf:about="#_57979d14-d1d8-4311-ae53-aa8890423885"/>
<rdf:Description rdf:about="#_5dfee914-a4fd-4bde-a5b4-c4caa6378d10"/>
<rdf:Description rdf:about="#_6aecb9ba-5835-4b70-89bc-96d687e45779"/>
<rdf:Description rdf:about="#_c557146e-dfc4-4020-9738-d592b188338b"/>
<rdf:Description rdf:about="#_8f308117-8bbd-4798-b145-4e78f7d049e7"/>
<rdf:Description rdf:about="#_357e3e14-c38e-4a7e-9c95-b3dbe158f5f3"/>
<rdf:Description rdf:about="#_6b1cd30c-19ba-44e1-9447-d01db6b1ef9d"/>
<rdf:Description rdf:about="#_e3e0c496-5837-4f0f-a596-cc421940f73f"/>
<rdf:Description rdf:about="#_baa7aef1-afcd-4981-97c0-ccec7b5ad4e0"/>
<rdf:Description rdf:about="#_1128e664-0653-448a-9068-e37f1a097c05"/>
<rdf:Description rdf:about="#_da232169-1c36-495a-8af6-a0d7d2b39f52"/>
<rdf:Description rdf:about="#_bd61b1f9-474d-424e-9709-42f75337c477"/>
<rdf:Description rdf:about="#_4f1c405f-07c9-4fb0-b64e-551896a29aa8"/>
<rdf:Description rdf:about="#_a015f692-3fc5-4ec3-8d1d-977c7b499e7c"/>
<rdf:Description rdf:about="#_8121d4c3-9cb2-47db-b40a-99678602bb2a"/>
<rdf:Description rdf:about="#_5f40c3f7-9540-4e1b-aa97-6553d5524877"/>
<rdf:Description rdf:about="#_ecea10ff-e006-436b-a86a-beac4c2a30c1"/>
<rdf:Description rdf:about="#_42800bad-5e47-42e6-b9b0-1fb8fc5831aa"/>
<rdf:Description rdf:about="#_0f199d49-0093-4b51-b357-70371424d174"/>
<rdf:Description rdf:about="#_50f00b94-fe0f-48fd-887e-f0d4d59eee87"/>
</dm:reverseDifferences>
<dm:forwardDifferences parseType="Statements">
<rdf:Description rdf:about="#_fab54e9c-b12e-4e47-a9f2-fec4ef96c0c0">
<cim:Terminal.ConnectivityNode rdf:resource="#_cae57656-3fc2-4f5e-9ab9-fa5b118a632a"/>
</rdf:Description>
<rdf:Description rdf:about="#_6dad1a97-6874-4206-a5a5-837e495325f8">
<cim:Terminal.ConnectivityNode rdf:resource="#_90f78705-5ef4-479a-8d5a-70efc554e0ba"/>
</rdf:Description>
<rdf:Description rdf:about="#_f461fd2d-1e41-4a3e-8213-7cc33c77a089">
<cim:Terminal.ConnectivityNode rdf:resource="#_90f78705-5ef4-479a-8d5a-70efc554e0ba"/>
</rdf:Description>
<rdf:Description rdf:about="#_f970233f-b573-49d9-9fc3-3a2a59ed3bbb">
<cim:Terminal.ConnectivityNode rdf:resource="#_b67cf870-cb6e-11e1-bcee-406c8f32ef58"/>
</rdf:Description>
<rdf:Description rdf:about="#_24dd035c-0a8c-4351-aeb2-08d6622b42ae">
<cim:Terminal.ConnectivityNode rdf:resource="#_b66f15c0-cb6e-11e1-bcee-406c8f32ef58"/>
</rdf:Description>
<rdf:Description rdf:about="#_26e50b4b-9a19-420d-98ce-bc4f11971cd7">
<cim:Terminal.ConnectivityNode rdf:resource="#_b6978550-cb6e-11e1-bcee-406c8f32ef58"/>
</rdf:Description>
<rdf:Description rdf:about="#_f48d48c7-e9f6-460c-898f-cc68a96efdeb">
<cim:Terminal.ConnectivityNode rdf:resource="#_b67c8340-cb6e-11e1-bcee-406c8f32ef58"/>
</rdf:Description>
<rdf:Description rdf:about="#_39d27c17-1e5b-4edc-a7ec-65a2d56542df">
<cim:Terminal.ConnectivityNode rdf:resource="#_b675a570-cb6e-11e1-bcee-406c8f32ef58"/>
</rdf:Description>
<rdf:Description rdf:about="#_ae4b7cbe-349a-41c8-ace2-25ec26f14a64">
<cim:Terminal.ConnectivityNode rdf:resource="#_124b9180-9112-4b8a-a651-9c1bb9a031da"/>
</rdf:Description>
<rdf:Description rdf:about="#_f04ecab5-1a12-4cc0-ba56-b157ebf11a42">
<cim:Terminal.ConnectivityNode rdf:resource="#_124b9180-9112-4b8a-a651-9c1bb9a031da"/>
</rdf:Description>
<rdf:Description rdf:about="#_faab7959-f9bf-421b-bc3f-d364e0c1388b">
<cim:Terminal.ConnectivityNode rdf:resource="#_bd68fe72-ecac-45cc-9d34-33d95ed9a47a"/>
</rdf:Description>
<rdf:Description rdf:about="#_757d4f50-707b-47a0-891c-cbaefd649631">
<cim:Terminal.ConnectivityNode rdf:resource="#_7221e0f9-008b-4273-8d40-b5d4c6efa0fe"/>
</rdf:Description>
<rdf:Description rdf:about="#_ae588863-b154-451d-978a-7ab08ac50fb6">
<cim:Terminal.ConnectivityNode rdf:resource="#_b67c8340-cb6e-11e1-bcee-406c8f32ef58"/>
</rdf:Description>
<rdf:Description rdf:about="#_653bc4b8-518b-4adc-9d68-012fb641fb1d">
<cim:Terminal.ConnectivityNode rdf:resource="#_546121e7-acf3-4bc2-ae49-446e550a1e5c"/>
</rdf:Description>
<rdf:Description rdf:about="#_57979d14-d1d8-4311-ae53-aa8890423885">
<cim:Terminal.ConnectivityNode rdf:resource="#_b66f15c0-cb6e-11e1-bcee-406c8f32ef58"/>
</rdf:Description>
<rdf:Description rdf:about="#_5dfee914-a4fd-4bde-a5b4-c4caa6378d10">
<cim:Terminal.ConnectivityNode rdf:resource="#_f28134fe-076d-4605-aa92-b9e0bbe96841"/>
</rdf:Description>
<rdf:Description rdf:about="#_6aecb9ba-5835-4b70-89bc-96d687e45779">
<cim:Terminal.ConnectivityNode rdf:resource="#_b6978550-cb6e-11e1-bcee-406c8f32ef58"/>
</rdf:Description>
<rdf:Description rdf:about="#_c557146e-dfc4-4020-9738-d592b188338b">
<cim:Terminal.ConnectivityNode rdf:resource="#_17eb9e2c-dd0d-4005-ac1c-c7174e3a88e1"/>
</rdf:Description>
<rdf:Description rdf:about="#_8f308117-8bbd-4798-b145-4e78f7d049e7">
<cim:Terminal.ConnectivityNode rdf:resource="#_b67cf870-cb6e-11e1-bcee-406c8f32ef58"/>
</rdf:Description>
<rdf:Description rdf:about="#_357e3e14-c38e-4a7e-9c95-b3dbe158f5f3">
<cim:Terminal.ConnectivityNode rdf:resource="#_5cb2cb9a-695c-458b-b63a-a84c025981e4"/>
</rdf:Description>
<rdf:Description rdf:about="#_6b1cd30c-19ba-44e1-9447-d01db6b1ef9d">
<cim:Terminal.ConnectivityNode rdf:resource="#_b675a570-cb6e-11e1-bcee-406c8f32ef58"/>
</rdf:Description>
<cim:ConnectivityNode rdf:ID="_c79edc43-4a5e-4ba8-bd08-16fcdd1beee7">
<cim:IdentifiedObject.name>NL_TR_BUS2</cim:IdentifiedObject.name>
<cim:ConnectivityNode.ConnectivityNodeContainer rdf:resource="#_8d8a82ba-b5b0-4e94-861a-192af055f2b8"/>
</cim:ConnectivityNode>
<cim:ConnectivityNode rdf:ID="_7e9dd682-86cd-4594-b58f-1a0534540aca">
<cim:IdentifiedObject.name>NL_TR_BUS1</cim:IdentifiedObject.name>
<cim:ConnectivityNode.ConnectivityNodeContainer rdf:resource="#_c1d5bfea8f8011e08e4d00247eb1f55e"/>
</cim:ConnectivityNode>
<cim:ConnectivityNode rdf:ID="_1520ab3c-9392-41c2-8873-39ec83a76c26">
<cim:IdentifiedObject.name>N1230822396</cim:IdentifiedObject.name>
<cim:ConnectivityNode.ConnectivityNodeContainer rdf:resource="#_c1d5bfea8f8011e08e4d00247eb1f55e"/>
</cim:ConnectivityNode>
<cim:ConnectivityNode rdf:ID="_ecb6a97e-bd2d-40c0-91f6-99dc1e7f59e2">
<cim:IdentifiedObject.name>N1230822413</cim:IdentifiedObject.name>
<cim:ConnectivityNode.ConnectivityNodeContainer rdf:resource="#_2a37dc57-2faf-464a-8175-bc415f9a635f"/>
</cim:ConnectivityNode>
<cim:ConnectivityNode rdf:ID="_bd68fe72-ecac-45cc-9d34-33d95ed9a47a">
<cim:IdentifiedObject.name>NL-Busbar_5</cim:IdentifiedObject.name>
<entsoe:IdentifiedObject.shortName>NL-B_5</entsoe:IdentifiedObject.shortName>
<cim:IdentifiedObject.description>NAMST_71; new node in 2015</cim:IdentifiedObject.description>
<cim:ConnectivityNode.ConnectivityNodeContainer rdf:resource="#_8d8a82ba-b5b0-4e94-861a-192af055f2b8"/>
</cim:ConnectivityNode>
<cim:ConnectivityNode rdf:ID="_e4743b84-976a-414d-a888-4362532c39e6">
<cim:IdentifiedObject.name>NL_Busbar__4</cim:IdentifiedObject.name>
<entsoe:IdentifiedObject.shortName>NL_B__4</entsoe:IdentifiedObject.shortName>
<cim:IdentifiedObject.description>NAMST_22: UCTE DEF code</cim:IdentifiedObject.description>
<cim:ConnectivityNode.ConnectivityNodeContainer rdf:resource="#_c1d5bfea8f8011e08e4d00247eb1f55e"/>
</cim:ConnectivityNode>
<cim:ConnectivityNode rdf:ID="_124b9180-9112-4b8a-a651-9c1bb9a031da">
<cim:IdentifiedObject.name>NL-Busbar_3</cim:IdentifiedObject.name>
<entsoe:IdentifiedObject.shortName>NL-B_3</entsoe:IdentifiedObject.shortName>
<cim:IdentifiedObject.description>NAMST_72; new node in 2020</cim:IdentifiedObject.description>
<cim:ConnectivityNode.ConnectivityNodeContainer rdf:resource="#_2a37dc57-2faf-464a-8175-bc415f9a635f"/>
</cim:ConnectivityNode>
<cim:ConnectivityNode rdf:ID="_cae57656-3fc2-4f5e-9ab9-fa5b118a632a">
<cim:IdentifiedObject.name>NL-Busbar_2</cim:IdentifiedObject.name>
<entsoe:IdentifiedObject.shortName>NL-B_2</entsoe:IdentifiedObject.shortName>
<cim:IdentifiedObject.description>NAMST_21; this is the old code</cim:IdentifiedObject.description>
<cim:ConnectivityNode.ConnectivityNodeContainer rdf:resource="#_c1d5bfea8f8011e08e4d00247eb1f55e"/>
</cim:ConnectivityNode>
<cim:ConnectivityNode rdf:ID="_90f78705-5ef4-479a-8d5a-70efc554e0ba">
<cim:IdentifiedObject.name>NL-_Busbar_1</cim:IdentifiedObject.name>
<entsoe:IdentifiedObject.shortName>NL-_B_1</entsoe:IdentifiedObject.shortName>
<cim:IdentifiedObject.description>NAMST_11; old UCTE Name</cim:IdentifiedObject.description>
<cim:ConnectivityNode.ConnectivityNodeContainer rdf:resource="#_c1d5bfde8f8011e08e4d00247eb1f55e"/>
</cim:ConnectivityNode>
<cim:ConnectivityNode rdf:ID="_17eb9e2c-dd0d-4005-ac1c-c7174e3a88e1">
<cim:IdentifiedObject.name>N1230992201</cim:IdentifiedObject.name>
<entsoe:IdentifiedObject.shortName>NL-_B_1</entsoe:IdentifiedObject.shortName>
<cim:IdentifiedObject.description>NAMST_11; old UCTE Name</cim:IdentifiedObject.description>
<cim:ConnectivityNode.ConnectivityNodeContainer rdf:resource="#_c1d5bfde8f8011e08e4d00247eb1f55e"/>
</cim:ConnectivityNode>
<cim:ConnectivityNode rdf:ID="_5cb2cb9a-695c-458b-b63a-a84c025981e4">
<cim:IdentifiedObject.name>N1230992198</cim:IdentifiedObject.name>
<entsoe:IdentifiedObject.shortName>NL-_B_1</entsoe:IdentifiedObject.shortName>
<cim:IdentifiedObject.description>NAMST_11; old UCTE Name</cim:IdentifiedObject.description>
<cim:ConnectivityNode.ConnectivityNodeContainer rdf:resource="#_c1d5bfde8f8011e08e4d00247eb1f55e"/>
</cim:ConnectivityNode>
<cim:ConnectivityNode rdf:ID="_7221e0f9-008b-4273-8d40-b5d4c6efa0fe">
<cim:IdentifiedObject.name>N1230992195</cim:IdentifiedObject.name>
<entsoe:IdentifiedObject.shortName>NL-_B_1</entsoe:IdentifiedObject.shortName>
<cim:IdentifiedObject.description>NAMST_11; old UCTE Name</cim:IdentifiedObject.description>
<cim:ConnectivityNode.ConnectivityNodeContainer rdf:resource="#_c1d5bfde8f8011e08e4d00247eb1f55e"/>
</cim:ConnectivityNode>
<cim:ConnectivityNode rdf:ID="_f28134fe-076d-4605-aa92-b9e0bbe96841">
<cim:IdentifiedObject.name>N1230992231</cim:IdentifiedObject.name>
<entsoe:IdentifiedObject.shortName>NL-_B_1</entsoe:IdentifiedObject.shortName>
<cim:IdentifiedObject.description>NAMST_11; old UCTE Name</cim:IdentifiedObject.description>
<cim:ConnectivityNode.ConnectivityNodeContainer rdf:resource="#_c1d5bfea8f8011e08e4d00247eb1f55e"/>
</cim:ConnectivityNode>
<cim:ConnectivityNode rdf:ID="_546121e7-acf3-4bc2-ae49-446e550a1e5c">
<cim:IdentifiedObject.name>N1230992228</cim:IdentifiedObject.name>
<entsoe:IdentifiedObject.shortName>NL-_B_1</entsoe:IdentifiedObject.shortName>
<cim:IdentifiedObject.description>NAMST_11; old UCTE Name</cim:IdentifiedObject.description>
<cim:ConnectivityNode.ConnectivityNodeContainer rdf:resource="#_c1d5bfea8f8011e08e4d00247eb1f55e"/>
</cim:ConnectivityNode>
<rdf:Description rdf:about="#_e3e0c496-5837-4f0f-a596-cc421940f73f">
<cim:Terminal.ConnectivityNode rdf:resource="#_90f78705-5ef4-479a-8d5a-70efc554e0ba"/>
</rdf:Description>
<rdf:Description rdf:about="#_baa7aef1-afcd-4981-97c0-ccec7b5ad4e0">
<cim:Terminal.ConnectivityNode rdf:resource="#_cae57656-3fc2-4f5e-9ab9-fa5b118a632a"/>
</rdf:Description>
<rdf:Description rdf:about="#_1128e664-0653-448a-9068-e37f1a097c05">
<cim:Terminal.ConnectivityNode rdf:resource="#_1520ab3c-9392-41c2-8873-39ec83a76c26"/>
</rdf:Description>
<rdf:Description rdf:about="#_da232169-1c36-495a-8af6-a0d7d2b39f52">
<cim:Terminal.ConnectivityNode rdf:resource="#_ecb6a97e-bd2d-40c0-91f6-99dc1e7f59e2"/>
</rdf:Description>
<rdf:Description rdf:about="#_bd61b1f9-474d-424e-9709-42f75337c477">
<cim:Terminal.ConnectivityNode rdf:resource="#_7e9dd682-86cd-4594-b58f-1a0534540aca"/>
</rdf:Description>
<rdf:Description rdf:about="#_4f1c405f-07c9-4fb0-b64e-551896a29aa8">
<cim:Terminal.ConnectivityNode rdf:resource="#_c79edc43-4a5e-4ba8-bd08-16fcdd1beee7"/>
</rdf:Description>
<rdf:Description rdf:about="#_a015f692-3fc5-4ec3-8d1d-977c7b499e7c">
<cim:Terminal.ConnectivityNode rdf:resource="#_90f78705-5ef4-479a-8d5a-70efc554e0ba"/>
</rdf:Description>
<cim:Breaker rdf:ID="_3da8f227-5c16-47e1-a17f-4cd92269d301">
<cim:IdentifiedObject.name>NL_BREAKER_1</cim:IdentifiedObject.name>
<cim:Equipment.aggregate>false</cim:Equipment.aggregate>
<cim:Switch.normalOpen>false</cim:Switch.normalOpen>
<cim:Switch.retained>false</cim:Switch.retained>
<cim:Equipment.EquipmentContainer rdf:resource="#_c1d5bfea8f8011e08e4d00247eb1f55e"/>
</cim:Breaker>
<cim:Terminal rdf:ID="_9fc1ca1a-bb62-4982-9358-fa9b4ac5564d">
<cim:IdentifiedObject.name>NL_BREAKER_1 - T1</cim:IdentifiedObject.name>
<cim:ACDCTerminal.sequenceNumber>1</cim:ACDCTerminal.sequenceNumber>
<cim:Terminal.phases rdf:resource="http://iec.ch/TC57/2013/CIM-schema-cim16#PhaseCode.ABC"/>
<cim:Terminal.ConductingEquipment rdf:resource="#_3da8f227-5c16-47e1-a17f-4cd92269d301"/>
<cim:Terminal.ConnectivityNode rdf:resource="#_cae57656-3fc2-4f5e-9ab9-fa5b118a632a"/>
</cim:Terminal>
<cim:Terminal rdf:ID="_eedefa27-de13-4e6f-91a3-42aa86b539d6">
<cim:IdentifiedObject.name>NL_BREAKER_1 - T2</cim:IdentifiedObject.name>
<cim:ACDCTerminal.sequenceNumber>2</cim:ACDCTerminal.sequenceNumber>
<cim:Terminal.phases rdf:resource="http://iec.ch/TC57/2013/CIM-schema-cim16#PhaseCode.ABC"/>
<cim:Terminal.ConductingEquipment rdf:resource="#_3da8f227-5c16-47e1-a17f-4cd92269d301"/>
<cim:Terminal.ConnectivityNode rdf:resource="#_7e9dd682-86cd-4594-b58f-1a0534540aca"/>
</cim:Terminal>
<cim:Breaker rdf:ID="_1ea8f512-451c-40d3-a312-7c4e71d9dbcb">
<cim:IdentifiedObject.name>NL_BREAKER_1</cim:IdentifiedObject.name>
<cim:Equipment.aggregate>false</cim:Equipment.aggregate>
<cim:Switch.normalOpen>false</cim:Switch.normalOpen>
<cim:Switch.retained>false</cim:Switch.retained>
<cim:Equipment.EquipmentContainer rdf:resource="#_8d8a82ba-b5b0-4e94-861a-192af055f2b8"/>
</cim:Breaker>
<cim:Terminal rdf:ID="_e19e01f7-eb9b-4ce5-a6fe-4bb4ef0ce6c3">
<cim:IdentifiedObject.name>NL_BREAKER_1 - T1</cim:IdentifiedObject.name>
<cim:ACDCTerminal.sequenceNumber>1</cim:ACDCTerminal.sequenceNumber>
<cim:Terminal.phases rdf:resource="http://iec.ch/TC57/2013/CIM-schema-cim16#PhaseCode.ABC"/>
<cim:Terminal.ConductingEquipment rdf:resource="#_1ea8f512-451c-40d3-a312-7c4e71d9dbcb"/>
<cim:Terminal.ConnectivityNode rdf:resource="#_c79edc43-4a5e-4ba8-bd08-16fcdd1beee7"/>
</cim:Terminal>
<cim:Terminal rdf:ID="_28797d21-df04-4be6-806b-3be26b040d6a">
<cim:IdentifiedObject.name>NL_BREAKER_1 - T2</cim:IdentifiedObject.name>
<cim:ACDCTerminal.sequenceNumber>2</cim:ACDCTerminal.sequenceNumber>
<cim:Terminal.phases rdf:resource="http://iec.ch/TC57/2013/CIM-schema-cim16#PhaseCode.ABC"/>
<cim:Terminal.ConductingEquipment rdf:resource="#_1ea8f512-451c-40d3-a312-7c4e71d9dbcb"/>
<cim:Terminal.ConnectivityNode rdf:resource="#_bd68fe72-ecac-45cc-9d34-33d95ed9a47a"/>
</cim:Terminal>
<cim:Breaker rdf:ID="_4853e915-48e5-4527-a4db-cce11ab18f73">
<cim:IdentifiedObject.name>NL_BREAKER_3</cim:IdentifiedObject.name>
<cim:Equipment.aggregate>false</cim:Equipment.aggregate>
<cim:Switch.normalOpen>false</cim:Switch.normalOpen>
<cim:Switch.retained>false</cim:Switch.retained>
<cim:Equipment.EquipmentContainer rdf:resource="#_c1d5bfea8f8011e08e4d00247eb1f55e"/>
</cim:Breaker>
<cim:Terminal rdf:ID="_74039a16-da9d-46dd-a4f1-dd65fbb09ec4">
<cim:IdentifiedObject.name>NL_BREAKER_3 - T1</cim:IdentifiedObject.name>
<cim:ACDCTerminal.sequenceNumber>1</cim:ACDCTerminal.sequenceNumber>
<cim:Terminal.phases rdf:resource="http://iec.ch/TC57/2013/CIM-schema-cim16#PhaseCode.ABC"/>
<cim:Terminal.ConductingEquipment rdf:resource="#_4853e915-48e5-4527-a4db-cce11ab18f73"/>
<cim:Terminal.ConnectivityNode rdf:resource="#_e4743b84-976a-414d-a888-4362532c39e6"/>
</cim:Terminal>
<cim:Terminal rdf:ID="_e12338f8-6e9e-4d06-a29a-e12bdd7bd4d7">
<cim:IdentifiedObject.name>NL_BREAKER_3 - T2</cim:IdentifiedObject.name>
<cim:ACDCTerminal.sequenceNumber>2</cim:ACDCTerminal.sequenceNumber>
<cim:Terminal.phases rdf:resource="http://iec.ch/TC57/2013/CIM-schema-cim16#PhaseCode.ABC"/>
<cim:Terminal.ConductingEquipment rdf:resource="#_4853e915-48e5-4527-a4db-cce11ab18f73"/>
<cim:Terminal.ConnectivityNode rdf:resource="#_1520ab3c-9392-41c2-8873-39ec83a76c26"/>
</cim:Terminal>
<cim:Breaker rdf:ID="_0c2fa351-239d-463b-a826-0b8615bf6c3c">
<cim:IdentifiedObject.name>NL_BREAKER_4</cim:IdentifiedObject.name>
<cim:Equipment.aggregate>false</cim:Equipment.aggregate>
<cim:Switch.normalOpen>false</cim:Switch.normalOpen>
<cim:Switch.retained>false</cim:Switch.retained>
<cim:Equipment.EquipmentContainer rdf:resource="#_2a37dc57-2faf-464a-8175-bc415f9a635f"/>
</cim:Breaker>
<cim:Terminal rdf:ID="_7fae7c9d-952f-4321-830d-aa667d21969d">
<cim:IdentifiedObject.name>NL_BREAKER_4 - T1</cim:IdentifiedObject.name>
<cim:ACDCTerminal.sequenceNumber>1</cim:ACDCTerminal.sequenceNumber>
<cim:Terminal.phases rdf:resource="http://iec.ch/TC57/2013/CIM-schema-cim16#PhaseCode.ABC"/>
<cim:Terminal.ConductingEquipment rdf:resource="#_0c2fa351-239d-463b-a826-0b8615bf6c3c"/>
<cim:Terminal.ConnectivityNode rdf:resource="#_ecb6a97e-bd2d-40c0-91f6-99dc1e7f59e2"/>
</cim:Terminal>
<cim:Terminal rdf:ID="_3179d96c-7ecd-4f8a-b3f0-f24b62a16e87">
<cim:IdentifiedObject.name>NL_BREAKER_4 - T2</cim:IdentifiedObject.name>
<cim:ACDCTerminal.sequenceNumber>2</cim:ACDCTerminal.sequenceNumber>
<cim:Terminal.phases rdf:resource="http://iec.ch/TC57/2013/CIM-schema-cim16#PhaseCode.ABC"/>
<cim:Terminal.ConductingEquipment rdf:resource="#_0c2fa351-239d-463b-a826-0b8615bf6c3c"/>
<cim:Terminal.ConnectivityNode rdf:resource="#_124b9180-9112-4b8a-a651-9c1bb9a031da"/>
</cim:Terminal>
<cim:Breaker rdf:ID="_b5a26150-429d-4acb-b45b-055e42c79055">
<cim:IdentifiedObject.name>CIRCB-1230992174</cim:IdentifiedObject.name>
<cim:Equipment.aggregate>false</cim:Equipment.aggregate>
<cim:Switch.normalOpen>false</cim:Switch.normalOpen>
<cim:Switch.retained>false</cim:Switch.retained>
<cim:Equipment.EquipmentContainer rdf:resource="#_c1d5bfde8f8011e08e4d00247eb1f55e"/>
</cim:Breaker>
<cim:Terminal rdf:ID="_41b735f7-da62-4bd3-ac98-fbdec24baeac">
<cim:IdentifiedObject.name>CIRCB-1230992174 - T1</cim:IdentifiedObject.name>
<cim:ACDCTerminal.sequenceNumber>1</cim:ACDCTerminal.sequenceNumber>
<cim:Terminal.phases rdf:resource="http://iec.ch/TC57/2013/CIM-schema-cim16#PhaseCode.ABC"/>
<cim:Terminal.ConductingEquipment rdf:resource="#_b5a26150-429d-4acb-b45b-055e42c79055"/>
<cim:Terminal.ConnectivityNode rdf:resource="#_7221e0f9-008b-4273-8d40-b5d4c6efa0fe"/>
</cim:Terminal>
<cim:Terminal rdf:ID="_85ceec9c-21a9-4ef2-b7b0-c2bb9552e799">
<cim:IdentifiedObject.name>CIRCB-1230992174 - T2</cim:IdentifiedObject.name>
<cim:ACDCTerminal.sequenceNumber>2</cim:ACDCTerminal.sequenceNumber>
<cim:Terminal.phases rdf:resource="http://iec.ch/TC57/2013/CIM-schema-cim16#PhaseCode.ABC"/>
<cim:Terminal.ConductingEquipment rdf:resource="#_b5a26150-429d-4acb-b45b-055e42c79055"/>
<cim:Terminal.ConnectivityNode rdf:resource="#_90f78705-5ef4-479a-8d5a-70efc554e0ba"/>
</cim:Terminal>
<cim:Breaker rdf:ID="_5a094c9f-0af5-48dc-94e9-89c6c220023c">
<cim:IdentifiedObject.name>busbarcoupler 1</cim:IdentifiedObject.name>
<entsoe:IdentifiedObject.shortName>coupler 1</entsoe:IdentifiedObject.shortName>
<cim:Equipment.aggregate>false</cim:Equipment.aggregate>
<cim:Switch.normalOpen>true</cim:Switch.normalOpen>
<cim:Switch.retained>false</cim:Switch.retained>
<cim:Equipment.EquipmentContainer rdf:resource="#_8d8a82ba-b5b0-4e94-861a-192af055f2b8"/>
</cim:Breaker>
<cim:Terminal rdf:ID="_9f984b04-1736-43d2-9122-3a17fc8aea5f">
<cim:IdentifiedObject.name>busbarcoupler 1 - T1</cim:IdentifiedObject.name>
<entsoe:IdentifiedObject.shortName>coupler 1</entsoe:IdentifiedObject.shortName>
<cim:ACDCTerminal.sequenceNumber>1</cim:ACDCTerminal.sequenceNumber>
<cim:Terminal.phases rdf:resource="http://iec.ch/TC57/2013/CIM-schema-cim16#PhaseCode.ABC"/>
<cim:Terminal.ConductingEquipment rdf:resource="#_5a094c9f-0af5-48dc-94e9-89c6c220023c"/>
<cim:Terminal.ConnectivityNode rdf:resource="#_bd68fe72-ecac-45cc-9d34-33d95ed9a47a"/>
</cim:Terminal>
<cim:Terminal rdf:ID="_f04ec73d-b94a-4b7e-a3d6-b1234fc37385">
<cim:IdentifiedObject.name>busbarcoupler 1 - T2</cim:IdentifiedObject.name>
<entsoe:IdentifiedObject.shortName>coupler 1</entsoe:IdentifiedObject.shortName>
<cim:ACDCTerminal.sequenceNumber>2</cim:ACDCTerminal.sequenceNumber>
<cim:Terminal.phases rdf:resource="http://iec.ch/TC57/2013/CIM-schema-cim16#PhaseCode.ABC"/>
<cim:Terminal.ConductingEquipment rdf:resource="#_5a094c9f-0af5-48dc-94e9-89c6c220023c"/>
<cim:Terminal.ConnectivityNode rdf:resource="#_124b9180-9112-4b8a-a651-9c1bb9a031da"/>
</cim:Terminal>
<cim:Breaker rdf:ID="_b1fc12ae-ba9f-42ee-9558-3d432cc58fbf">
<cim:IdentifiedObject.name>CIRCB-1230992183</cim:IdentifiedObject.name>
<cim:Equipment.aggregate>false</cim:Equipment.aggregate>
<cim:Switch.normalOpen>false</cim:Switch.normalOpen>
<cim:Switch.retained>false</cim:Switch.retained>
<cim:Equipment.EquipmentContainer rdf:resource="#_c1d5bfde8f8011e08e4d00247eb1f55e"/>
</cim:Breaker>
<cim:Terminal rdf:ID="_790df530-60c7-40bc-be5f-f90e9c65bab4">
<cim:IdentifiedObject.name>CIRCB-1230992183 - T1</cim:IdentifiedObject.name>
<cim:ACDCTerminal.sequenceNumber>1</cim:ACDCTerminal.sequenceNumber>
<cim:Terminal.phases rdf:resource="http://iec.ch/TC57/2013/CIM-schema-cim16#PhaseCode.ABC"/>
<cim:Terminal.ConductingEquipment rdf:resource="#_b1fc12ae-ba9f-42ee-9558-3d432cc58fbf"/>
<cim:Terminal.ConnectivityNode rdf:resource="#_5cb2cb9a-695c-458b-b63a-a84c025981e4"/>
</cim:Terminal>
<cim:Terminal rdf:ID="_7a7fd92b-1aaf-49de-b609-1d640e63d49f">
<cim:IdentifiedObject.name>CIRCB-1230992183 - T2</cim:IdentifiedObject.name>
<cim:ACDCTerminal.sequenceNumber>2</cim:ACDCTerminal.sequenceNumber>
<cim:Terminal.phases rdf:resource="http://iec.ch/TC57/2013/CIM-schema-cim16#PhaseCode.ABC"/>
<cim:Terminal.ConductingEquipment rdf:resource="#_b1fc12ae-ba9f-42ee-9558-3d432cc58fbf"/>
<cim:Terminal.ConnectivityNode rdf:resource="#_90f78705-5ef4-479a-8d5a-70efc554e0ba"/>
</cim:Terminal>
<rdf:Description rdf:about="#_8121d4c3-9cb2-47db-b40a-99678602bb2a">
<cim:Terminal.ConnectivityNode rdf:resource="#_e4743b84-976a-414d-a888-4362532c39e6"/>
</rdf:Description>
<rdf:Description rdf:about="#_5f40c3f7-9540-4e1b-aa97-6553d5524877">
<cim:Terminal.ConnectivityNode rdf:resource="#_cae57656-3fc2-4f5e-9ab9-fa5b118a632a"/>
</rdf:Description>
<cim:Breaker rdf:ID="_bac0aa59-1318-4032-b192-15a8d49283ee">
<cim:IdentifiedObject.name>CIRCB-1230992192</cim:IdentifiedObject.name>
<cim:Equipment.aggregate>false</cim:Equipment.aggregate>
<cim:Switch.normalOpen>false</cim:Switch.normalOpen>
<cim:Switch.retained>false</cim:Switch.retained>
<cim:Equipment.EquipmentContainer rdf:resource="#_c1d5bfde8f8011e08e4d00247eb1f55e"/>
</cim:Breaker>
<cim:Terminal rdf:ID="_30aa2972-aafb-4c38-912d-a14867d47cec">
<cim:IdentifiedObject.name>CIRCB-1230992192 - T1</cim:IdentifiedObject.name>
<cim:ACDCTerminal.sequenceNumber>1</cim:ACDCTerminal.sequenceNumber>
<cim:Terminal.phases rdf:resource="http://iec.ch/TC57/2013/CIM-schema-cim16#PhaseCode.ABC"/>
<cim:Terminal.ConductingEquipment rdf:resource="#_bac0aa59-1318-4032-b192-15a8d49283ee"/>
<cim:Terminal.ConnectivityNode rdf:resource="#_17eb9e2c-dd0d-4005-ac1c-c7174e3a88e1"/>
</cim:Terminal>
<cim:Terminal rdf:ID="_f937c4ac-b9fc-44a2-82a0-99cb34c89974">
<cim:IdentifiedObject.name>CIRCB-1230992192 - T2</cim:IdentifiedObject.name>
<cim:ACDCTerminal.sequenceNumber>2</cim:ACDCTerminal.sequenceNumber>
<cim:Terminal.phases rdf:resource="http://iec.ch/TC57/2013/CIM-schema-cim16#PhaseCode.ABC"/>
<cim:Terminal.ConductingEquipment rdf:resource="#_bac0aa59-1318-4032-b192-15a8d49283ee"/>
<cim:Terminal.ConnectivityNode rdf:resource="#_90f78705-5ef4-479a-8d5a-70efc554e0ba"/>
</cim:Terminal>
<cim:Breaker rdf:ID="_21ec578c-689f-4130-80de-fd0fb5a30ed8">
<cim:IdentifiedObject.name>CIRCB-1230992249</cim:IdentifiedObject.name>
<cim:Equipment.aggregate>false</cim:Equipment.aggregate>
<cim:Switch.normalOpen>false</cim:Switch.normalOpen>
<cim:Switch.retained>false</cim:Switch.retained>
<cim:Equipment.EquipmentContainer rdf:resource="#_c1d5bfea8f8011e08e4d00247eb1f55e"/>
</cim:Breaker>
<cim:Terminal rdf:ID="_14f212ae-bcd8-46ae-9366-11dec9602a01">
<cim:IdentifiedObject.name>CIRCB-1230992249 - T1</cim:IdentifiedObject.name>
<cim:ACDCTerminal.sequenceNumber>1</cim:ACDCTerminal.sequenceNumber>
<cim:Terminal.phases rdf:resource="http://iec.ch/TC57/2013/CIM-schema-cim16#PhaseCode.ABC"/>
<cim:Terminal.ConductingEquipment rdf:resource="#_21ec578c-689f-4130-80de-fd0fb5a30ed8"/>
<cim:Terminal.ConnectivityNode rdf:resource="#_f28134fe-076d-4605-aa92-b9e0bbe96841"/>
</cim:Terminal>
<cim:Terminal rdf:ID="_3c377e5e-65cc-45f1-ba12-e20034df7cb3">
<cim:IdentifiedObject.name>CIRCB-1230992249 - T2</cim:IdentifiedObject.name>
<cim:ACDCTerminal.sequenceNumber>2</cim:ACDCTerminal.sequenceNumber>
<cim:Terminal.phases rdf:resource="http://iec.ch/TC57/2013/CIM-schema-cim16#PhaseCode.ABC"/>
<cim:Terminal.ConductingEquipment rdf:resource="#_21ec578c-689f-4130-80de-fd0fb5a30ed8"/>
<cim:Terminal.ConnectivityNode rdf:resource="#_e4743b84-976a-414d-a888-4362532c39e6"/>
</cim:Terminal>
<cim:Breaker rdf:ID="_88a19e5c-6885-4e6e-8d30-c5442444b309">
<cim:IdentifiedObject.name>CIRCB-1230992240</cim:IdentifiedObject.name>
<cim:Equipment.aggregate>false</cim:Equipment.aggregate>
<cim:Switch.normalOpen>false</cim:Switch.normalOpen>
<cim:Switch.retained>false</cim:Switch.retained>
<cim:Equipment.EquipmentContainer rdf:resource="#_c1d5bfea8f8011e08e4d00247eb1f55e"/>
</cim:Breaker>
<cim:Terminal rdf:ID="_c9dbf281-e788-4084-b268-3b5a9473ad72">
<cim:IdentifiedObject.name>CIRCB-1230992240 - T1</cim:IdentifiedObject.name>
<cim:ACDCTerminal.sequenceNumber>1</cim:ACDCTerminal.sequenceNumber>
<cim:Terminal.phases rdf:resource="http://iec.ch/TC57/2013/CIM-schema-cim16#PhaseCode.ABC"/>
<cim:Terminal.ConductingEquipment rdf:resource="#_88a19e5c-6885-4e6e-8d30-c5442444b309"/>
<cim:Terminal.ConnectivityNode rdf:resource="#_546121e7-acf3-4bc2-ae49-446e550a1e5c"/>
</cim:Terminal>
<cim:Terminal rdf:ID="_abc40269-5f9a-4b13-a5a5-8e3b3929eff5">
<cim:IdentifiedObject.name>CIRCB-1230992240 - T2</cim:IdentifiedObject.name>
<cim:ACDCTerminal.sequenceNumber>2</cim:ACDCTerminal.sequenceNumber>
<cim:Terminal.phases rdf:resource="http://iec.ch/TC57/2013/CIM-schema-cim16#PhaseCode.ABC"/>
<cim:Terminal.ConductingEquipment rdf:resource="#_88a19e5c-6885-4e6e-8d30-c5442444b309"/>
<cim:Terminal.ConnectivityNode rdf:resource="#_e4743b84-976a-414d-a888-4362532c39e6"/>
</cim:Terminal>
<rdf:Description rdf:about="#_ecea10ff-e006-436b-a86a-beac4c2a30c1">
<cim:Terminal.ConnectivityNode rdf:resource="#_1520ab3c-9392-41c2-8873-39ec83a76c26"/>
</rdf:Description>
<rdf:Description rdf:about="#_42800bad-5e47-42e6-b9b0-1fb8fc5831aa">
<cim:Terminal.ConnectivityNode rdf:resource="#_bd68fe72-ecac-45cc-9d34-33d95ed9a47a"/>
</rdf:Description>
<rdf:Description rdf:about="#_0f199d49-0093-4b51-b357-70371424d174">
<cim:Terminal.ConnectivityNode rdf:resource="#_124b9180-9112-4b8a-a651-9c1bb9a031da"/>
</rdf:Description>
<rdf:Description rdf:about="#_50f00b94-fe0f-48fd-887e-f0d4d59eee87">
<cim:Terminal.ConnectivityNode rdf:resource="#_cae57656-3fc2-4f5e-9ab9-fa5b118a632a"/>
</rdf:Description>
</dm:forwardDifferences>
</dm:DifferenceModel>
</rdf:RDF>
